firstname,lastname,address1,address2,city,state,zip
Antonio,Beane,853 Main DR,,Chateaugay,MO,17093
Antonio,Butcher,616 Coit LN,,North Stratford,ND,62226
Antonio,Fowler,208 Main DR,,Mesquite,RI,60081
Antonio,Hamer,112 Coit LN,,Taiban,MT,27017
Antonio,Jodlowski,124 Main DR,,Mesquite,RI,60081
Antonio,Kranz,817 Coit LN,,Chateaugay,MO,17093
Antonio,Larosa,621 Main DR,,East Durham,MT,42638
Antonio,Putnam,779 Main LN,,Etters,AR,98042
Antonio,Rodriquez,609 Main DR,,Potrero,ND,27852
Antonio,Roxby,681 Coit DR,,Westview,MT,27019
Antonio,Runge,587 Coit LN,,Chateaugay,MO,17093
Antonio,Sarkisian,909 Coit DR,,Tully,MD,95321
Antonio,Wellington,543 Main DR,,Taiban,MT,27017
Antonio,Woody,590 Main LN,,Assonet,AR,74073
Clare,Spittler,262 Coit DR,,Tracy City,TX,46161
Roberta,Coil,773 Main LN,,Maupin,CT,26590
Roberta,Cole,109 Main LN,,Fort Sumner,MS,54459
Roberta,Cusanelli,113 Coit DR,,Paynesville,MS,54458
Roberta,Dawes,975 Main DR,,Elkins Park,DE,24597
Roberta,Dibb,518 Main DR,,Fort Sumner,MS,54459
Roberta,Emmons,115 Coit LN,,Mellen,VA,40342
Roberta,Joy,233 Main DR,,Orange City,VA,40348
Roberta,Lebaron,554 Coit DR,,Colorado City,UT,46987
Roberta,Marshall,127 Main DR,,Lengby,MS,66442
Hyman,Jarbeau,511 Main DR,,Hoyt,OR,04345
Janie,Davis,709 Main DR,,North Monmouth,KS,87045
Janie,Moore,153 Coit LN,,Tintah,KS,87043
Ronald,Battaglia,580 Main LN,,Golva,MN,29033
Ronald,Cardenas,183 Coit LN,,Coloma,WA,69170
Ronald,Charny,671 Main DR,,Chappaqua,NM,59462
Ronald,Cochran,818 Main LN,,West Newton,SC,57383
Ronald,Cooper,875 Main DR,,Kenner,CA,80601
Ronald,Dean,688 Main LN,,Clinton,GA,67346
Ronald,Dougherty,123 Main LN,,Andes,DC,02894
Ronald,Espinoza,902 Coit LN,,Clinton,GA,67346
Ronald,Gerber,577 Coit DR,,Menomonee Falls,RI,49446
Ronald,Ghaderi,236 Main DR,,Cortlandt Manor,NY,45354
Ronald,James,834 Coit DR,,Forest Lakes,WV,43734
Ronald,Johnson,392 Coit DR,,Eleanor,CA,89110
Ronald,Kalember,506 Main DR,,Eleanor,CA,89110
Ronald,Keating,861 Main DR,,Smallwood,NC,39766
Ronald,King,244 Main LN,,Merino,GA,92278
Ronald,Marshall,791 Main LN,,Pateros,SC,55016
Ronald,Meyer,772 Coit LN,,Conneaut,OK,79378
Ronald,Miranda,802 Coit DR,,Audubon,OH,67146
Ronald,Mooney,701 Main DR,,Randalia,NH,13807
Ronald,Moore,327 Main DR,,Coalmont,CA,90006
Ronald,Morrison,315 Main LN,,Sanborn,FL,33064
Ronald,Moss,757 Coit DR,,Delton,WA,69171
Ronald,Ochoa,396 Coit LN,,Falfurrias,VT,62820
Ronald,Olsen,810 Main DR,,West Newton,SC,70355
Ronald,Poulain,900 Coit LN,,Pateros,SC,33609
Ronald,Quigley,595 Main LN,,Brookeville,NC,25133
Ronald,Ray,655 Main DR,,South Boardman,NM,59463
Ronald,Requa,884 Coit DR,,Golva,MN,56667
Ronald,Ricketts,998 Coit LN,,Thatcher,MS,15083
Ronald,Rivas,711 Coit LN,,Delton,WA,84790
Ronald,Rowe,661 Main DR,,Cortlandt Manor,NY,45353
Ronald,Saenz,312 Coit LN,,Randalia,NH,13806
Ronald,Schofield,137 Coit LN,,Tiplersville,MS,76041
Ronald,Smith,287 Main LN,,Lyford,DC,26884
Ronald,Tran,527 Main DR,,Interlaken,SC,55017
Ronald,Troesser,246 Main DR,,Carlton,CA,28092
Ronald,Weber,390 Coit DR,,Casnovia,GA,94964
Ronald,Welch,555 Main DR,,Park,SD,94571
Ronald,White,388 Coit LN,,Pleasant Hill,CA,16035
Ronald,Wong,469 Coit LN,,Limon,SD,94573
Pablo,Alegria,349 Coit LN,,Ticonderoga,ME,46731
Kermit,Barnes,973 Main DR,,Mount Olivet,GA,33930
Hubert,Judon,203 Coit DR,,Willisville,ME,19145
Johnnie,Brandenburg,531 Main DR,,Egeland,ME,07114
Johnnie,Delpozo,971 Main DR,,Belk,TX,73734
Johnnie,Ellerby,986 Coit LN,,Egeland,ME,34741
Johnnie,Haseltine,766 Main DR,,Orbisonia,ME,07112
Johnnie,Kon,943 Main LN,,Belk,TX,73735
Johnnie,Lopez,758 Main LN,,Saint Amant,GU,26187
Johnnie,Martinez,113 Coit DR,,Saint Amant,GU,99180
Johnnie,Wynne,872 Main DR,,Atchison,ME,58713
Aleida,Thomason,209 Coit DR,,Ezel,VI,49015
Aletha,Rorer,946 Main DR,,Sapphire,ID,71639
Daniel,Anderson,195 Main DR,,Victory Mills,OH,43302
Daniel,Arnold,963 Coit LN,,Perley,OK,80649
Daniel,Bailey,354 Coit LN,,Basin,WY,65233
Daniel,Barlow,862 Coit DR,,Camino,NM,60428
Daniel,Barnes,306 Coit DR,,Apulia Station,CA,06610
Daniel,Bernard,415 Main LN,,Oak Park,FL,45068
Daniel,Campbell,344 Main LN,,Pemberton,OK,43528
Daniel,Clark,932 Coit DR,,Castlewood,WV,77086
Daniel,Colley,391 Coit DR,,Blackwood,MN,81612
Daniel,Cruz,991 Main DR,,Shafter,OK,43529
Daniel,Davies,748 Coit LN,,Schoenchen,NM,59443
Daniel,Dewilde,466 Main DR,,Poca,MA,24963
Daniel,Edwards,887 Main LN,,Elkmont,WY,28382
Daniel,Ezzell,274 Main LN,,Sherrills Ford,MA,22301
Daniel,Fearns,187 Coit LN,,Salineno,WY,16263
Daniel,Garcia,881 Main DR,,Dane,CA,90007
Daniel,Gordon,672 Main LN,,Babcock,VT,35211
Daniel,Groff,258 Coit LN,,Gardena,VA,64466
Daniel,Guerra,355 Coit LN,,Drummond,DC,14885
Daniel,Gutierrez,704 Main DR,,New Bern,OR,28334
Daniel,Hawes,219 Coit DR,,Gardena,VA,64465
Daniel,Holland,669 Coit LN,,Hindsville,SC,57361
Daniel,Mackay,689 Main DR,,Deer Grove,VA,64466
Daniel,Martinez,895 Coit LN,,Bokeelia,OR,89406
Daniel,Mcmahon,616 Main DR,,Haddam,FL,69044
Daniel,Mendez,175 Main LN,,Babcock,VT,23220
Daniel,Morioka,558 Main DR,,Blackwood,MN,81612
Daniel,Mosca,240 Coit DR,,Hosston,MA,48917
Daniel,Murillo,352 Coit DR,,Detroit Lakes,NH,47035
Daniel,Murray,382 Coit LN,,Burney,WV,18704
Daniel,Myers,497 Coit DR,,Goodfield,WY,92831
Daniel,Negatu,445 Main LN,,Weogufka,NY,35901
Daniel,Nelson,104 Main LN,,Comfort,WV,06795
Daniel,Nolan,942 Coit LN,,Detroit Lakes,NH,50652
Daniel,Nordskog,165 Main DR,,Asher,NY,11953
Daniel,Olson,224 Coit LN,,Hiawatha,WA,21212
Daniel,Oso,921 Coit LN,,Old Appleton,NH,47032
Daniel,Owens,238 Main DR,,Muse,VT,25880
Daniel,Paulson,238 Coit LN,,Radcliff,NC,49106
Daniel,Pulido,458 Main DR,,Immokalee,NE,86441
Daniel,Quach,223 Main DR,,Gardena,VA,64466
Daniel,Ramirez,832 Main DR,,Corinna,SD,94531
Daniel,Ramos,776 Coit LN,,West Cornwall,WY,18854
Daniel,Rivera,563 Coit LN,,Howe,OR,41317
Daniel,Rodriguez,252 Coit LN,,Mason,CA,89029
Daniel,Rogers,949 Coit DR,,Elm City,OH,33825
Daniel,Ruiz,118 Coit DR,,Nesmith,OR,77334
Daniel,Schultz,789 Main DR,,Hindsville,SC,69348
Daniel,Sheldon,923 Coit DR,,Radcliff,NC,49106
Daniel,Smith,990 Coit DR,,King City,DC,14886
Daniel,Spaulding,907 Coit LN,,Immokalee,NE,13424
Daniel,Stone,279 Coit LN,,Galesburg,GA,55416
Daniel,Sullivan,899 Main DR,,Balsam Grove,WV,16146
Daniel,Valencia,288 Coit LN,,Drummond,DC,12222
Daniel,Walker,145 Main LN,,Hartstown,SD,94538
Daniel,Walton,546 Main DR,,Keytesville,DC,61275
Daniel,Ward,614 Main DR,,Pablo,WY,41332
Daniel,Weaver,250 Main LN,,Asher,NY,72935
Daniel,White,871 Main DR,,Chaska,OR,89404
Zenaida,Nickels,406 Main DR,,Clyde,ID,56024
Kathleen,Ash,714 Coit LN,,Newport Beach,AZ,49665
Kathleen,Bender,261 Coit DR,,Bidwell,AS,64640
Kathleen,Bryan,404 Main LN,,New Richmond,FL,23701
Kathleen,Burton,111 Main LN,,Port Reading,NY,33480
Kathleen,Choi,272 Coit LN,,Brookside,NM,98939
Kathleen,Diffee,917 Main LN,,Saint Ignatius,ID,81006
Kathleen,Esteen,320 Coit LN,,Trail City,FL,08105
Kathleen,Everett,306 Coit DR,,Bidwell,AS,64641
Kathleen,Galloway,330 Main LN,,Patchogue,ND,62301
Kathleen,Gomez,957 Main LN,,Kasota,WA,60915
Kathleen,Hartman,441 Main DR,,East Wilton,SC,21678
Kathleen,Hurt,160 Main LN,,Newport Beach,AZ,49665
Kathleen,Infante,885 Coit DR,,Putnam Valley,AL,27265
Kathleen,Kent,408 Main DR,,Dallesport,NV,59845
Kathleen,Kroll,168 Main DR,,Putnam Valley,AL,27265
Kathleen,Moody,876 Coit DR,,East Wilton,SC,21679
Kathleen,Moses,274 Coit LN,,Eden Mills,AS,64643
Kathleen,Nieves,998 Coit LN,,Patchogue,ND,62301
Kathleen,Okie,984 Coit DR,,Purdy,NJ,23188
Kathleen,Poole,342 Coit DR,,Trail City,FL,59701
Kathleen,Rivero,110 Main DR,,Putnam Valley,AL,27265
Kathleen,Shropshire,751 Coit LN,,Saint Ignatius,ID,81007
Kathleen,Wyatt,797 Main DR,,Boggstown,NM,84301
Lorna,Faulconer,997 Main DR,,Willamina,DE,97420
Lorna,Mauger,811 Coit DR,,West Hickory,DE,24467
Jacob,Adler,106 Coit LN,,Gold Hill,ND,50265
Jacob,Barney,926 Coit LN,,Gold Hill,ND,50265
Jacob,Climer,317 Main LN,,Blue Mountain,MD,58339
Jacob,Macfarlane,265 Main LN,,Fort Covington,MO,20616
Jacob,Mateo,233 Main DR,,Cape May Court House,AS,64673
Jacob,Mcelligott,234 Coit DR,,Hayti,MD,58332
Marybeth,Pais,359 Main LN,,Irvona,IA,71438
Milissa,Kurz,127 Coit DR,,Melrose Park,MP,20776
Jenna,Dopp,846 Main LN,,Canal Winchester,HI,85388
Jenna,Kincer,485 Coit LN,,Canal Winchester,HI,12428
Jenna,Poitras,308 Main DR,,Cottonwood Falls,HI,97360
Louann,Seibel,552 Coit DR,,South Windsor,ID,81033
Tim,Dahlgren,593 Main LN,,Granite Bay,CT,87562
Tim,Ellyson,728 Coit DR,,Deming,IA,95467
Tim,Herron,891 Main DR,,Wabasso,AK,52141
Tim,Whitley,329 Main LN,,Cayuga,AK,78752
Cedrick,Brown,623 Main LN,,Boykins,KS,53523
Kathy,Alcala,795 Coit DR,,San Cristobal,NE,15963
Kathy,Ashley,916 Coit LN,,Salida,AZ,84001
Kathy,Beucler,280 Main LN,,Paris Crossing,IL,07853
Kathy,Calkins,978 Main DR,,East Haven,TN,36109
Kathy,Cochran,444 Main DR,,Star City,NM,47449
Kathy,Darling,322 Coit DR,,Marshfield,VI,49002
Kathy,Friend,709 Main DR,,Spiritwood,NE,86321
Kathy,Hedrick,426 Main LN,,Mill Valley,VI,49001
Kathy,Hicok,830 Main LN,,Warrens,AL,29803
Kathy,Hoover,715 Main LN,,Sandy Spring,NM,47443
Kathy,Kyle,729 Main DR,,Lawrenceville,VI,13040
Kathy,Magana,833 Coit DR,,Rugby,AZ,84006
Kathy,Morrow,902 Coit DR,,Price,NJ,01984
Kathy,Partida,100 Coit DR,,Cloquet,IL,19809
Kathy,Persad,727 Main LN,,Glen Rock,HI,63965
Kathy,Rondeau,705 Main DR,,Winnett,ID,83823
Kathy,Syler,376 Main DR,,Winnett,ID,83823
Kathy,Turnbull,223 Coit DR,,Warrens,AL,29803
Kathy,Yun,781 Main LN,,Paris Crossing,IL,07857
Kathy,Zink,642 Main LN,,Ruidoso,TN,61108
Taylor,Bardwell,877 Coit DR,,Healdsburg,TX,95138
Taylor,Mejia,610 Coit LN,,Buncombe,WI,08735
Harvey,Higginson,846 Main DR,,Wood River Junction,PA,53960
Harvey,Paske,989 Coit LN,,Longmeadow,IA,32038
Harvey,Schmitt,776 Coit LN,,Ceresco,MP,78065
Harvey,Schreiber,213 Coit DR,,Madison Heights,IA,19075
Victor,Burks,947 Coit DR,,Huntertown,NH,35127
Victor,Denton,944 Coit DR,,Washburn,NH,72121
Victor,Laboy,234 Coit LN,,Weldon,MO,32617
Victor,Lancaster,725 Main DR,,Bazine,NC,27872
Victor,Locke,687 Coit LN,,Washburn,NH,35128
Victor,Locklear,414 Main LN,,Pigeon,RI,62520
Victor,Lowrey,959 Coit DR,,Chapel Hill,MO,93638
Victor,Lyon,713 Coit DR,,Washburn,NH,72121
Victor,Magee,866 Coit LN,,Washburn,NH,72121
Victor,Mcqueen,166 Coit LN,,Fish Haven,RI,74501
Victor,Neely,385 Main LN,,Kimberling City,AR,39572
Victor,Newsome,841 Main DR,,Blowing Rock,AR,39571
Victor,Proo,652 Coit DR,,Fish Haven,RI,74501
Victor,Reitz,311 Main DR,,White Mills,MT,52040
Victor,Sena,183 Main DR,,Milldale,MT,39082
Alissa,Goyer,993 Coit DR,,Centrahoma,MA,12941
Alissa,Heishman,632 Main DR,,Moreauville,MA,12943
Alissa,Hensler,782 Main LN,,Centrahoma,MA,12941
Omar,Strobel,324 Main LN,,Kane,ME,34753
Omar,Thompson,992 Coit LN,,Blythe,GU,02186
Wilda,Bolander,747 Coit DR,,Sabana Grande,MA,10271
Wilda,Roorda,558 Coit LN,,Port Sanilac,MA,48886
Shoshana,Ali,801 Main LN,,Montezuma Creek,VI,39739
Brock,Boyd,129 Coit DR,,Conowingo,OK,92563
Adeline,Sprunger,334 Main LN,,Kettle Island,DE,24586
Alexa,Hagerty,468 Coit LN,,Galatia,ID,44093
Alexa,Lachance,272 Coit LN,,Galatia,ID,44089
Kris,Huit,338 Coit LN,,New Era,GA,18469
Kris,King,746 Coit LN,,Ickesburg,GA,67470
Philip,Castro,594 Main DR,,Shiner,RI,59086
Philip,Lammers,280 Coit DR,,Regan,LA,48059
Philip,Martinez,346 Main DR,,Savoy,LA,48063
Philip,Mayes,740 Coit LN,,Gillham,ND,50235
Philip,Mena,649 Coit DR,,Varney,AR,27557
Philip,Plane,707 Main LN,,Woody,MO,17080
Philip,Reyelts,887 Coit LN,,Vinson,RI,01775
Philip,Turrill,972 Coit LN,,Varney,AR,27557
Marguerite,Berkey,108 Coit DR,,Vanduser,TX,12845
Marguerite,Colby,902 Main DR,,West Terre Haute,MN,56591
Marguerite,Krawczyk,869 Coit LN,,Vanduser,TX,12847
Katy,Dewar,905 Coit LN,,Cache Junction,TX,36786
Sergio,Bontrager,765 Main DR,,Little Meadows,ME,83706
Sergio,Elliot,383 Main DR,,Dunlap,ME,83704
Sergio,Vogeler,425 Coit DR,,Dunlap,ME,83706
Justine,Mcentyre,912 Main DR,,Driscoll,PR,36756
Justine,Toms,754 Coit LN,,Driscoll,PR,36754
Tillie,Ramey,474 Coit DR,,Wanatah,IA,22643
Elsie,Hover,753 Main LN,,Munds Park,UT,44276
Elsie,Martinez,643 Main DR,,Riparius,CT,36093
Elsie,Parsons,984 Coit LN,,Coden,MS,29432
Elsie,Smithey,620 Main LN,,Cherry Plain,UT,44272
Elsie,Tyler,819 Main DR,,Corn,MS,30413
Gene,Davis,504 Main DR,,Los Gatos,KY,99360
Marcus,Carey,824 Main DR,,Wever,AK,42776
Marcus,Dunaway,704 Main LN,,Uriah,AS,74037
Marcus,Mcquade,815 Coit DR,,Tomball,CT,14744
Marcus,Monroe,266 Main DR,,Laguna Woods,AK,66732
Marcus,Nilsen,399 Main DR,,Ravensdale,MP,29153
Marcus,Tuifua,788 Main LN,,Larwill,AS,98006
Marcus,Yoder,387 Main LN,,Wever,AK,40115
Luke,Joslin,445 Main DR,,Pena Blanca,ME,46770
Luke,Trombley,553 Main DR,,Sandy Level,ME,32136
Keiko,Denny,532 Coit LN,,Amlin,MS,17545
Jeffery,Boggess,828 Coit DR,,Gloversville,MO,32692
Jeffery,Bowlby,738 Main LN,,Surry,MD,97901
Jeffery,Cravens,474 Coit LN,,Meridianville,MT,29635
Jeffery,Kulp,546 Main DR,,Gloversville,MO,30033
Jeffery,Millsap,238 Coit DR,,Woods Hole,MO,32692
Jeffery,Randle,230 Main LN,,Chamberino,AS,37062
Jeffery,Strobel,556 Main DR,,Meridianville,MT,29635
Jeffery,Toadvine,625 Main DR,,Gillsville,MT,30609
Jeffery,Waldo,517 Coit DR,,Harrell,MO,29054
Eunice,Blakeman,236 Coit DR,,Ozone Park,TX,24892
Eunice,Jungbluth,678 Main LN,,Quanah,MN,93430
Eunice,Mahood,177 Main LN,,Ozone Park,TX,34222
Eunice,Mauldin,210 Coit LN,,Maxwell,MN,93437
Eunice,Menden,660 Main LN,,Quanah,MN,93436
Anna,Arellano,211 Main LN,,Tupelo,WA,59928
Anna,Beil,966 Coit DR,,Barnum,NM,62994
Anna,Bender,909 Main LN,,Peterson,NJ,35187
Anna,Berger,432 Main DR,,Bovina,AS,52656
Anna,Browne,703 Coit LN,,Glens Falls,AZ,47010
Anna,Bruckerhoff,231 Main LN,,Colona,WA,35959
Anna,Delande,281 Main DR,,Marble Falls,NY,57445
Anna,Dillon,218 Main DR,,Jayuya,NV,35801
Anna,Dunham,695 Main DR,,Hustonville,AZ,49674
Anna,Durham,331 Main DR,,Cotton Plant,AS,15623
Anna,Eckhardt,752 Main LN,,Texline,ID,68034
Anna,Franz,824 Main DR,,Rougemont,AL,88253
Anna,Gresham,314 Main LN,,Whiting,AL,39272
Anna,Hudson,303 Main LN,,Purcell,NY,70420
Anna,Huffman,751 Main DR,,Colona,WA,35959
Anna,Hurley,657 Coit LN,,Galva,NJ,74720
Anna,Medrano,401 Coit DR,,Lynchburg,NJ,74724
Anna,Melton,149 Main LN,,Jayuya,NV,08215
Anna,Nypaver,268 Main DR,,Riceville,NM,62996
Anna,Orlando,864 Main LN,,Elberton,IL,68821
Anna,Orozco,694 Coit LN,,Grand Cane,FL,11756
Anna,Pace,629 Main LN,,Galva,NJ,74722
Anna,Paulino,455 Coit DR,,Wrightwood,AL,88256
Anna,Peck,332 Main DR,,Galva,NJ,74722
Anna,Person,413 Coit LN,,East Walpole,FL,11741
Anna,Phan,659 Coit DR,,Myrtle Point,ND,37337
Anna,Rush,585 Coit LN,,Galva,NJ,74720
Anna,Schoenhofer,764 Coit LN,,Whiting,AL,39272
Anna,Small,834 Coit DR,,Lynchburg,NJ,74723
Anna,Wiggins,442 Main LN,,Jayuya,NV,35801
Anna,Zorn,590 Main LN,,Lothair,ID,68030
Jackie,Brown,546 Main LN,,Kernersville,PA,51448
Jackie,Kuske,524 Main DR,,Chalk Hill,ME,32162
Jackie,Markley,770 Main LN,,Ely,ME,32164
Jackie,Milligan,152 Main DR,,Brook Park,MS,66542
Jackie,Perkett,798 Coit DR,,Hyattsville,MS,66541
Jackie,Talford,138 Main DR,,Ely,ME,32169
Jackie,Toledano,507 Coit LN,,Andrews,PR,48710
Lee,Bloomfield,891 Coit DR,,Sopchoppy,MT,05661
Lee,Braden,961 Coit LN,,Wales,AS,62015
Lee,Bynum,405 Coit LN,,Maple Grove,ND,15857
Lee,Grube,382 Coit LN,,Chippewa Lake,MO,20611
Lee,Horstman,177 Main DR,,Bainbridge Island,LA,63629
Lee,Knievel,754 Coit LN,,Grover Beach,AS,62017
Lee,Kopanski,797 Main DR,,Grover Beach,AS,62017
Lee,Sealey,511 Coit DR,,Bainbridge Island,LA,63629
Lee,Swick,684 Main LN,,Bloomingrose,MO,07631
Lee,Taillon,547 Main LN,,Powderly,MD,97920
Lee,Villaneda,138 Main DR,,Norden,MD,85939
Lee,Woeckener,993 Main LN,,Briggs,KS,87062
Francoise,Lozano,251 Coit DR,,Henefer,NE,01504
Vernon,Pavon,898 Coit LN,,North Buena Vista,MP,20765
Vernon,Ramirez,964 Main LN,,Mclean,SD,43014
Vernon,Rendon,554 Coit DR,,Harviell,AK,17731
Vernon,Toyer,455 Main DR,,Scalf,MP,05146
Vernon,Wurzer,640 Main DR,,Meshoppen,IA,71429
Joel,Carroll,764 Main LN,,Howland,AS,62083
Joel,Clamp,544 Coit DR,,Shawboro,MD,58370
Joel,Cowser,699 Coit LN,,Shawboro,MD,58372
Joel,Lazarin,621 Main LN,,Newton Highlands,MO,20601
Joel,Rios,419 Main DR,,Monette,AK,88118
Joel,Talbert,994 Main DR,,Cowarts,AS,62030
Joel,Urquhart,258 Coit DR,,Eagles Mere,MO,07644
Elana,Buffington,750 Coit DR,,Bryn Mawr,IL,07848
Seymour,Washington,599 Main LN,,Robertsville,CA,79763
Nerissa,Sacasa,316 Main LN,,Alloway,VI,52766
Dorinda,Sheets,188 Coit DR,,Pierz,UT,81423
Nannie,Newnam,530 Coit LN,,Eugene,TX,36875
Nannie,Senko,697 Main LN,,Slatedale,TX,48850
My,Doherty,134 Main DR,,Elkhorn,MS,54517
Marty,Espinoza,942 Main LN,,Oilton,WI,08736
Joleen,Im,744 Coit DR,,Cedar Lake,MO,29045
Rich,Murphy,309 Coit DR,,Ben Franklin,CA,31625
Debbie,Dane,321 Coit LN,,Lovington,MI,19335
Debbie,Edenfield,401 Main LN,,Lovington,MI,46932
Debbie,Hiltunen,149 Main DR,,Harleton,MI,71935
Debbie,Maxon,191 Coit DR,,Tresckow,MI,10996
Debbie,Thelen,219 Coit LN,,San Joaquin,IN,44904
Debbie,Vang,714 Main DR,,Hays,VI,15775
Debbie,Wilkin,220 Main LN,,Harleton,MI,32305
Debbie,Xu,565 Coit LN,,Middleton,VA,88325
Shelton,Hernandez,791 Main LN,,Creede,CA,04066
Dianne,Cannella,276 Coit LN,,Standish,KY,99206
Dianne,Colucci,334 Coit LN,,Muskegon,PR,95005
Dianne,Mccullen,658 Main DR,,Suttons Bay,KY,99208
Dianne,Miller,669 Coit DR,,New Columbia,KY,99207
Darcy,Bargas,572 Coit DR,,Romulus,TX,83127
Darcy,Chidester,142 Coit LN,,Romulus,TX,83127
Elaina,Frizzell,668 Coit LN,,Pembina,MO,05036
Sonia,Burr,243 Coit DR,,Westons Mills,MN,68377
Sonia,Rolling,784 Coit DR,,Santa Rosa,KY,41837
Sonia,Wolthuis,300 Coit LN,,Winter,MN,68378
Kyung,Wehe,301 Coit LN,,Gustavus,MN,68508
Dora,Dolan,596 Main LN,,Aguanga,UT,68430
Dora,Fier,515 Coit LN,,Coopersburg,UT,19426
Dora,Longoria,528 Coit LN,,O'Fallon,MS,42503
Lester,Kumar,335 Main LN,,Calhoun Falls,IA,71468
Lester,Lo,244 Main LN,,Sun City,AK,54733
Lester,Longoria,598 Main DR,,Tahoe City,AK,54734
Oswaldo,Carter,764 Coit LN,,Brunswick,OR,65452
Oswaldo,Mitchell,253 Main DR,,Larslan,OR,65452
Alfonso,Bogart,621 Main LN,,Cogswell,ME,46745
Alfonso,Eberhardt,370 Coit LN,,Holy Cross,ME,32110
Alfonso,Stickels,748 Coit DR,,Cogswell,ME,46745
Vera,Grygiel,223 Coit DR,,Atkins,UT,93238
Vera,Medich,531 Coit LN,,Lake Villa,MS,29560
Vera,Simonds,466 Coit DR,,Sarles,PR,00735
Vera,Vandermeer,268 Coit LN,,Greenbush,PA,75470
Vera,Vaughn,842 Coit DR,,Olathe,UT,10926
Kathryn,Ashley,207 Main DR,,Kapaau,NJ,59259
Kathryn,Farley,914 Main DR,,Kapaau,NJ,59257
Kathryn,Gaitan,740 Coit DR,,Bushland,AL,54847
Kathryn,Roller,750 Main LN,,Auburn University,TN,02816
Kathryn,Ruff,378 Main LN,,Philmont,NE,37377
Kathryn,Sorn,279 Coit DR,,Machesney Park,MI,83843
Kathryn,Vogler,472 Coit DR,,Lake Saint Louis,MI,83844
Kathryn,Woodall,949 Coit LN,,Lyburn,VI,01075
Kathryn,Wray,939 Main LN,,Philmont,NE,37377
Brandy,Burroughs,582 Main LN,,Veedersburg,UT,56376
Brandy,Capriotti,367 Coit LN,,Fort Stanton,PR,58072
Brandy,Hively,843 Main LN,,Karns City,KY,75231
Brandy,Jerez,910 Main LN,,Fort Stanton,PR,71040
Brandy,Johnson,842 Main LN,,Karns City,KY,75231
Brandy,Mai,803 Coit DR,,Bells,UT,81331
Brandy,Taing,312 Coit LN,,Karns City,KY,75231
Brandy,Weekley,811 Main LN,,Fort Stanton,PR,58072
Ollie,Melone,515 Main LN,,Edwardsville,HI,24325
Jenniffer,Coward,792 Main LN,,Crosby,IN,32935
Mara,Scotto,217 Coit DR,,Dobbs Ferry,MD,73853
Sonya,Torres,867 Coit DR,,Honey Grove,KS,38061
Rafael,Brady,712 Coit LN,,Carbon,MP,29175
Rafael,Walton,789 Main DR,,Carbon,MP,30157
Karin,Oberst,719 Coit DR,,Ramsay,DE,12490
Danelle,Duerr,714 Coit LN,,Bogue,UT,19374
Kizzy,Easton,918 Main DR,,Youngsville,MT,27053
Macie,Shuman,647 Coit DR,,Pickford,AR,76471
Jasmin,Chrostowski,407 Coit DR,,Temple,IA,46536
Ina,Popovic,150 Main LN,,Saugerties,DE,48436
Carline,Hebert,145 Coit LN,,Bellefontaine,VA,15218
Nelda,Ivanov,456 Coit DR,,El Dorado Hills,PR,61610
Nelda,Saffer,340 Main DR,,El Dorado Hills,PR,61604
Nelda,Steichen,483 Coit DR,,El Dorado Hills,PR,61604
Erwin,Reyes,198 Coit LN,,Inman,GA,79339
Roscoe,Marshall,800 Coit LN,,Weimar,GA,79259
Shawanda,Landis,509 Main DR,,Callao,MS,42518
Ashleigh,Vincent,110 Main LN,,Powell,IA,95470
Adrian,Anders,305 Coit LN,,New Freeport,IA,44010
Adrian,Davies,489 Coit LN,,Ledger,MP,32703
Adrian,Haney,617 Coit LN,,Trafalgar,MP,32703
Adrian,Kyllonen,636 Coit LN,,Guadalupita,IA,44010
Adrian,Laris,164 Main DR,,Guadalupita,IA,44010
Adrian,Rowley,930 Coit DR,,New Freeport,IA,07064
Elena,Noack,525 Coit LN,,Macedonia,MA,46173
Elena,Scott,874 Coit LN,,Cincinnatus,CO,41667
Yan,Holder,892 Main LN,,Mcalister,AR,15554
Maura,Holleran,456 Coit DR,,Dunkerton,MA,48876
Jae,Scott,781 Coit DR,,Glenolden,KS,28431
Lavada,Winfrey,412 Main DR,,Pitkin,IN,68934
Janette,Evangelista,226 Main LN,,Chattaroy,DE,12485
Fernando,Crabtree,638 Main LN,,Thurmont,MP,20701
Chelsea,Kahrs,866 Main LN,,San Acacia,MA,85750
Marcella,Mah,747 Coit DR,,Indian Hills,MA,85742
Arron,Gonzales,534 Main DR,,Iselin,CA,55607
Maryanne,Potash,106 Coit LN,,Leonore,MA,97720
Ruth,Blake,734 Main LN,,Koppel,NJ,37752
Ruth,Carpenter,650 Main DR,,Pyatt,SD,18069
Ruth,Day,728 Main DR,,Bogalusa,OH,82929
Ruth,Goldberg,259 Main LN,,Hopkins,AZ,84076
Ruth,Goodwin,987 Coit LN,,Koppel,NJ,60176
Ruth,Guzman,821 Coit DR,,Willernie,VT,74942
Ruth,Hampton,126 Main LN,,Woburn,ND,01436
Ruth,Hirashima,660 Coit LN,,Dry Run,VT,74944
Ruth,Ibarra,640 Coit LN,,Delcambre,ND,98337
Ruth,Johnson,228 Main LN,,Narka,DC,63878
Ruth,Johnston,233 Coit LN,,East Hampstead,SD,43003
Ruth,Kintzle,338 Coit LN,,Rumney,NJ,13786
Ruth,Lance,398 Main LN,,Otoe,AK,05763
Ruth,Lettera,658 Coit LN,,Koppel,NJ,49730
Ruth,Luna,200 Main LN,,Watervliet,OH,82923
Ruth,Miles,549 Coit LN,,San Benito,AS,52623
Ruth,Montoya,308 Main LN,,Rumney,NJ,37753
Ruth,Naeole,108 Main LN,,Otoe,AK,30730
Ruth,Perez,429 Main DR,,Pawnee,SC,70441
Ruth,Renfroe,750 Coit DR,,Northern Cambria,ID,56031
Ruth,Richards,573 Coit LN,,Pyatt,SD,18069
Ruth,Robbins,843 Main LN,,Nanticoke,NY,82227
Ruth,Ross,841 Main LN,,Canyon Lake,FL,60540
Ruth,Singh,244 Coit DR,,Langeloth,NV,72682
Ruth,Smith,499 Coit DR,,Gibson,DC,63877
Ruth,Summerlin,351 Coit DR,,Northern Cambria,ID,71661
Ruth,Tollette,372 Main DR,,Fort Gratiot,AS,52621
Ruth,Wu,315 Main DR,,Rumney,NJ,37753
Ruth,Zeigler,641 Coit LN,,Otoe,AK,05763
Susan,Adams,909 Main LN,,Fall Creek,SD,57775
Susan,Alexander,420 Main LN,,Arab,NJ,60150
Susan,Alvarez,638 Coit DR,,Handley,CA,53016
Susan,Barrick,572 Coit LN,,Kosse,ID,83632
Susan,Blackwell,298 Main DR,,Left Hand,FL,35563
Susan,Castillo,166 Coit LN,,Union Mills,NY,72851
Susan,Castro,273 Main DR,,Boalsburg,NJ,49748
Susan,Chavez,829 Main DR,,Brocket,OK,80640
Susan,Cole,734 Main DR,,Buda,NJ,84120
Susan,Dysard,156 Coit DR,,Martin,AK,15139
Susan,Edwards,784 Main DR,,Atlantic Beach,WV,92692
Susan,Evans,213 Coit LN,,Cedar Knolls,SD,55119
Susan,Felix,595 Main DR,,Worden,AZ,72080
Susan,Fields,827 Main LN,,Rosholt,GA,18324
Susan,Foster,306 Coit LN,,Cayucos,WY,67863
Susan,Gamble,152 Coit DR,,Trabuco Canyon,VT,49969
Susan,Gardner,282 Main LN,,Topsham,OK,43565
Susan,Gray,213 Main DR,,House,NY,96822
Susan,Hall,508 Coit DR,,Adairsville,AS,86047
Susan,Hirsch,443 Coit LN,,Dunbarton,IL,29229
Susan,John,211 Main LN,,Fennville,VT,49968
Susan,Johns,659 Main LN,,Left Hand,FL,35563
Susan,Johnson,939 Main DR,,Ravenna,WV,55772
Susan,Kurra,518 Main DR,,Tavernier,SC,82510
Susan,Mayer,551 Coit LN,,Cragsmoor,AZ,84056
Susan,Meek,778 Coit DR,,Martin,AK,30757
Susan,Mendoza,456 Coit LN,,Neeses,WY,28273
Susan,Mitchell,400 Main LN,,Fall Creek,SD,70739
Susan,Morris,963 Main LN,,Solen,AS,86042
Susan,Murphy,856 Main LN,,Lockesburg,WV,77062
Susan,Padilla,246 Main LN,,Wellsville,GA,94971
Susan,Patterson,198 Coit LN,,Umbarger,WY,80836
Susan,Pezze,226 Main LN,,Wesley Chapel,OH,92134
Susan,Phillips,289 Coit DR,,Duluth,GA,18453
Susan,Price,259 Coit DR,,La Veta,WY,28277
Susan,Reed,353 Coit DR,,Garryowen,NY,72852
Susan,Robertson,774 Coit LN,,Houghton,ND,62374
Susan,Rubio,640 Coit DR,,Klawock,WA,96743
Susan,Russo,615 Coit LN,,Reklaw,DC,97218
Susan,Tucker,593 Main LN,,Camuy,WV,53110
Susan,Ward,771 Main DR,,Priddy,WY,41254
Susan,Williams,730 Coit LN,,Hat Creek,WV,43779
Edith,Bias,525 Coit LN,,Dunseith,IN,93906
Edith,Byon,595 Coit LN,,Fawnskin,AL,17864
Edith,Cotto,482 Main DR,,Veyo,IN,68961
Edith,Duke,310 Main DR,,Monte Vista,NE,50450
Edith,Garrison,547 Coit DR,,Idalou,AL,15209
Edith,Hatfield,414 Coit DR,,Hornell,NE,50455
Edith,Malott,326 Main LN,,Weld,MI,81130
Edith,Montesdeoca,852 Coit DR,,Curtis,LA,75640
Edith,Ney,710 Coit DR,,Dongola,MI,81131
Edith,Tom,180 Main DR,,Rockaway Beach,DE,97403
Edith,Williams,992 Coit LN,,Storm Lake,VI,98134
Brandie,Brabo,119 Main LN,,Ringgold,MD,95383
Neal,Anderson,436 Coit DR,,Cozad,GU,89703
Neal,Brake,208 Coit LN,,Guilderland,ME,46733
Neal,Nauss,711 Main DR,,Guilderland,ME,46733
Neal,Sellars,685 Main DR,,Weott,ME,46732
Mercedes,Urey,498 Main DR,,Rochelle,MA,61932
Mervin,Davis,348 Main DR,,Gasquet,CA,43607
Julio,Ostlie,807 Coit LN,,Lykens,IL,30263
Julio,Redgate,692 Main LN,,Lykens,IL,30263
Werner,Foster,670 Main LN,,Lake Stevens,WY,77340
Robyn,Gonzalez,232 Coit DR,,Leeds,CO,28606
Glenda,Antonucci,268 Coit DR,,Boynton,PA,63441
Glenda,Borrelli,871 Main DR,,Marydel,PA,75426
Glenda,Postal,498 Coit DR,,Fields,UT,68428
Rita,Aguilar,466 Coit LN,,Centre,NH,84010
Rita,Bertrand,661 Coit DR,,Northwood,VI,50162
Rita,Clevenger,423 Coit DR,,Krotz Springs,VI,50164
Rita,Egelston,207 Main DR,,Lehi,MI,22802
Rita,Haugland,575 Coit DR,,Dante,DE,36473
Rita,Lucas,717 Main DR,,Loris,AL,17884
Rita,Marler,226 Main LN,,Camp Hill,IN,29338
Rita,Mcdonald,627 Main DR,,Evans Mills,NH,60061
Rita,Morrell,274 Main LN,,Dante,DE,48457
Rita,Padilla,132 Coit LN,,Loris,AL,15223
Rita,Park,673 Main LN,,Loris,AL,17885
Rita,Soni,424 Main DR,,North Platte,MI,68123
Rita,Suh,307 Main LN,,White Cloud,IN,17352
Rita,Turcios,827 Coit DR,,Chestnut Mound,IN,17353
Rita,Vargas,378 Main LN,,Two Dot,NH,13677
Rita,Yang,357 Main DR,,Loris,AL,17885
Rita,Yonko,501 Main LN,,White Cloud,IN,91345
Liz,Frieze,740 Coit DR,,Crawfordsville,MD,46290
Liz,Nayak,500 Coit LN,,Crawfordsville,MD,46290
Kristofer,Clark,110 Main LN,,Villanueva,KS,53587
Marilynn,Easton,959 Main LN,,Adak,ME,95528
Dona,Rainer,955 Coit LN,,Oldfield,TX,24822
Allison,Beaubrun,758 Coit DR,,Purvis,PR,48739
Allison,Blahut,676 Coit LN,,Drakesville,UT,32442
Allison,Dickerson,606 Main LN,,Robersonville,UT,32444
Allison,Hensley,342 Main DR,,Drakesville,UT,32440
Allison,Jackson,265 Main DR,,Maquoketa,PA,26410
Allison,Leaton,799 Main DR,,Waynoka,MS,78504
Allison,Miller,616 Main DR,,Waskom,PA,26416
Allison,Padgett,988 Coit LN,,Valles Mines,MS,54538
Allison,Phelps,703 Coit LN,,Robersonville,UT,32444
Caroline,Gerges,335 Main LN,,Talking Rock,PR,36703
Caroline,Humphries,974 Coit LN,,Willits,MS,30536
Caroline,Lopes,123 Main DR,,Willits,MS,17579
Caroline,Pryor,759 Main DR,,Port Wentworth,UT,81411
Caroline,Tanuvasa,723 Coit LN,,Willits,MS,17579
Caroline,Toriz,368 Main DR,,Seaview,UT,56453
Darrin,Shaw,863 Coit LN,,Commerce City,OH,79235
Latasha,Assad,954 Coit LN,,Petrified Forest Natl Pk,HI,48371
Jin,Boyce,760 Coit LN,,Gagetown,VA,91941
Jin,Rosenberg,563 Main LN,,Gagetown,VA,91941
Theodora,Diazhernandez,472 Coit LN,,Widener,IA,07070
Arden,Rogers,741 Main LN,,Knoxville,OR,28347
Marva,Savio,688 Main LN,,South Richmond Hill,MA,22306
Terri,Brockmeyer,843 Main LN,,Parkin,PR,61523
Terri,English,285 Coit LN,,Connersville,MS,78565
Terri,Jackson,134 Coit DR,,Agua Dulce,UT,95838
Terri,Perez,184 Main LN,,Agua Dulce,UT,95838
Terri,Wadkins,318 Coit DR,,Combined Locks,PA,53928
Terri,Williams,391 Coit DR,,Hopkinton,UT,81201
Desmond,Elliott,771 Main DR,,Kettle Falls,GA,82922
Harriet,Havard,122 Coit LN,,Portlandville,TX,12812
Ashley,Abadie,449 Main DR,,Emerald Isle,HI,48390
Ashley,Adkins,990 Coit LN,,Jeffersonton,FL,21108
Ashley,Ambruso,742 Main LN,,Altavista,NJ,23316
Ashley,Arreola,988 Main LN,,Ideal,VI,37032
Ashley,Barnett,499 Main LN,,Mossville,NM,72461
Ashley,Bonilla,510 Coit DR,,Las Animas,AZ,72019
Ashley,Croy,351 Main DR,,North Vassalboro,ID,22830
Ashley,Duran,706 Coit LN,,Oklaunion,NJ,23315
Ashley,Guggenheim,686 Coit DR,,Cornersville,ID,22831
Ashley,Haugen,702 Coit DR,,Wabbaseka,IL,32827
Ashley,Miner,955 Main DR,,Hydesville,VI,37033
Ashley,Pinto,936 Main LN,,Hydesville,VI,13066
Ashley,Shelton,342 Coit LN,,Buna,NJ,25978
Ashley,Stanley,586 Coit DR,,Mossville,NM,72464
Ashley,Straitiff,171 Main LN,,Las Animas,AZ,62691
Lucia,Barrs,182 Coit DR,,South Yarmouth,HI,48309
Lucia,Beresford,815 Coit DR,,Quemado,HI,85337
Josefina,Weakland,576 Coit LN,,Pipersville,HI,24361
Howard,Arreola,530 Main LN,,Delafield,RI,50516
Howard,Bergsma,334 Coit DR,,Emmet,MD,83203
Howard,Dandan,422 Main DR,,Skagway,MT,78664
Howard,Dodd,644 Coit DR,,Walters,NH,60131
Howard,Donato,952 Coit DR,,White Sands Missile Range,MT,76001
Howard,Filatov,909 Main LN,,Terre Haute,RI,50514
Howard,Laming,303 Main LN,,Sun Valley,AR,52549
Howard,Rodrigues,895 Coit LN,,Six Mile,NH,60133
Howard,Shoemaker,109 Coit DR,,East Arlington,NH,47111
Howard,Yockey,882 Main LN,,Emmet,MD,83203
Sammie,Adams,741 Main LN,,Cathedral City,GA,67467
Adela,Sieger,479 Main LN,,Harrells,PR,71064
Adela,Syme,440 Coit LN,,Harrells,PR,71064
Isabel,Groleau,159 Coit DR,,Lost Springs,TX,24828
Isabel,Raysor,478 Main LN,,Gravois Mills,TX,24826
Rebecca,Berry,608 Main LN,,Kiron,NY,70422
Rebecca,Brown,407 Coit LN,,South Jamesport,DC,24161
Rebecca,Brownlee,868 Coit LN,,Nekoosa,AL,27282
Rebecca,Burbage,768 Coit DR,,Eloy,HI,61348
Rebecca,Delgado,749 Main DR,,Kiron,NY,70422
Rebecca,Esparza,169 Coit LN,,Jacks Creek,AS,15621
Rebecca,Farley,859 Main LN,,Stewart,NJ,35183
Rebecca,Franco,460 Main DR,,Coopers Plains,SC,45623
Rebecca,Geiger,560 Main DR,,Norlina,AZ,37680
Rebecca,Gooden,723 Coit DR,,Nekoosa,AL,39269
Rebecca,Herman,980 Coit LN,,Gerlach,AS,15620
Rebecca,Hines,596 Coit LN,,Bonita,SC,45624
Rebecca,Hogan,810 Main LN,,Kingdom City,FL,11755
Rebecca,Hou,390 Coit LN,,Emory,ID,95648
Rebecca,Jaeger,467 Coit DR,,Palo Verde,IL,68825
Rebecca,Johnson,615 Main DR,,Matteson,DC,24161
Rebecca,Kortendick,420 Coit DR,,Coopers Plains,SC,70601
Rebecca,Martinez,120 Main DR,,Bowdon,WA,47920
Rebecca,Melendez,176 Coit LN,,Inverness,NM,59343
Rebecca,Morse,601 Coit LN,,Gerlach,AS,52655
Rebecca,Nielsen,327 Coit DR,,Jacks Creek,AS,52654
Rebecca,Richmond,398 Main LN,,Longville,ND,50315
Rebecca,Sampson,214 Coit LN,,Wren,NJ,35186
Rebecca,Still,276 Coit LN,,McDavid,IL,68833
Rebecca,Stolzenburg,636 Coit DR,,Tunnel Hill,AL,27284
Rebecca,Watkins,366 Coit LN,,Whittaker,NY,57457
Rebecca,Withers,142 Coit LN,,Glennie,AL,27288
Rebecca,Zequeira,148 Coit LN,,Silverpeak,ND,37338
Libby,Kwasny,242 Main DR,,Rives,MD,58529
Camille,Tadesse,822 Coit LN,,Weatherby,HI,85326
Buddy,Turner,810 Main DR,,Bruner,GA,08902
Jillian,Cartledge,737 Coit LN,,Hamlet,DE,61425
Jillian,Prevatte,256 Coit DR,,Hamlet,DE,61426
Josephine,Benz,287 Main LN,,North Reading,LA,99603
Josephine,Felipe,879 Coit LN,,Prairieville,IN,93928
Josephine,Hamilton,351 Coit LN,,Madelia,VI,52730
Josephine,Harrison,173 Coit LN,,Blountstown,VI,13123
Josephine,Hendricks,735 Main LN,,Crocketts Bluff,AL,15215
Josephine,Janeczek,540 Coit DR,,Rio Nido,IN,93924
Josephine,Jarman,851 Coit DR,,North Andover,IN,68982
Josephine,Kabashi,264 Coit LN,,Chadwicks,NE,74426
Josephine,Magill,541 Coit LN,,North Reading,LA,99603
Josephine,Mlynek,588 Main LN,,Sumava Resorts,AL,29850
Josephine,Murray,198 Main DR,,Moncks Corner,VI,52731
Josephine,Svoboda,635 Coit DR,,Lopeno,LA,99602
Gilda,Hibbler,766 Main LN,,Mechanicsville,MD,58418
Reed,Vorrasi,121 Coit DR,,Hysham,OK,06413
Julianne,Catapano,653 Coit DR,,Hookstown,TX,10162
Julianne,Fillingim,605 Main LN,,Hookstown,TX,10162
Russ,Vargas,683 Main LN,,Indialantic,CA,06608
Jeannette,Kolasa,895 Coit DR,,Hammon,TX,83120
Jeannette,Marema,820 Coit DR,,Lowndesboro,CO,63020
Jeannette,Smith,554 Coit LN,,Lowndesboro,CO,65681
Ellen,Dresser,694 Coit LN,,Everetts,MI,44306
Ellen,Garrett,781 Main LN,,Hot Springs Village,VI,64725
Ellen,Kenney,891 Coit LN,,Midway City,NE,13475
Ellen,Li,659 Coit LN,,Hot Springs Village,VI,01129
Ellen,Lyon,791 Main DR,,Beaver City,NE,13476
Ellen,Razzak,818 Main DR,,Kanorado,MI,19343
Ellen,Sargent,803 Main DR,,Midway City,NE,13475
Ellen,Testerman,832 Main LN,,Kanorado,MI,19343
Ellen,Varno,369 Coit LN,,Fort Hancock,VA,40391
Ellen,Williamson,217 Main DR,,De Soto,VI,03784
Crystal,Alvarado,185 Coit LN,,Mardela Springs,AL,03285
Crystal,Beil,756 Coit DR,,High Falls,NE,01507
Crystal,Blodgett,510 Main DR,,Brogue,IN,30327
Crystal,Hughes,270 Main DR,,Hastings On Hudson,AZ,37620
Crystal,Johnson,309 Coit LN,,Hazleton,TN,97117
Crystal,Santana,902 Main LN,,Viborg,NE,01510
Shirley,Bach,420 Coit DR,,Dunning,AL,76264
Shirley,Bauer,799 Main DR,,Brush Creek,WA,23966
Shirley,Bowers,273 Main LN,,Atlantic Highlands,NV,23829
Shirley,Bundy,784 Main DR,,Bloomingdale,AL,76261
Shirley,Burgess,980 Coit DR,,Cashiers,SD,18034
Shirley,Cachu,101 Main DR,,Wyckoff,IL,20880
Shirley,Cameron,405 Coit DR,,Log Lane Village,AS,52640
Shirley,Celaya,931 Coit DR,,Osterville,ID,83647
Shirley,Cervantes,628 Coit LN,,Normandy,VT,59324
Shirley,Colon,405 Coit DR,,Keene,WA,69155
Shirley,Duong,624 Coit LN,,Gray Summit,AZ,37694
Shirley,Figueroa,161 Coit LN,,Lempster,FL,60563
Shirley,Frantz,630 Main DR,,Dierks,AL,76261
Shirley,Fuentes,288 Main LN,,Dunkirk,VT,59326
Shirley,Gilliland,632 Coit LN,,North Truro,IL,44837
Shirley,Hardy,499 Main LN,,Dunkirk,VT,74949
Shirley,Hattemer,740 Main DR,,Mathews,VT,74948
Shirley,Hockey,383 Coit DR,,Osterville,ID,83647
Shirley,Huhta,870 Main DR,,Osterville,ID,83647
Shirley,Katoa,846 Coit DR,,Dierks,AL,88240
Shirley,Keith,722 Main DR,,West Warwick,ND,76939
Shirley,Kimbrough,582 Main DR,,Bloomingdale,AL,76263
Shirley,Klein,372 Main DR,,Dunkirk,VT,59323
Shirley,Melendez,800 Main DR,,San Fernando,AS,01022
Shirley,Sanchez,811 Main LN,,Summersville,NY,21402
Shirley,Sherman,136 Coit LN,,Pocatello,SD,45659
Shirley,Stephenson,109 Coit LN,,Kingston Springs,ND,13360
Shirley,Templeton,623 Coit DR,,Wyckoff,IL,20880
Shirley,Werries,170 Main LN,,Buhl,NJ,96110
Carma,Lenski,845 Coit LN,,Argonia,IL,17213
Carma,Sowers,221 Coit LN,,Argonia,IL,17213
Ahmed,Robinson,236 Coit LN,,Sea Island,WY,16248
Otis,Brown,178 Main LN,,Hotchkiss,GU,02127
Bertie,Blade,669 Coit LN,,Green Isle,MD,83340
Tambra,Maldonado,850 Coit LN,,Normanna,VT,11423
Christy,Easterly,879 Main DR,,Kalaupapa,KY,04928
Christy,Espitia,696 Coit DR,,Curtis Bay,PR,46036
Christy,Flake,996 Coit DR,,Curtis Bay,PR,97624
Christy,Oleary,315 Main DR,,King William,UT,68450
Christy,Semper,734 Coit LN,,Doylestown,UT,93401
Lita,Urban,380 Coit LN,,Paradis,IL,17267
Addie,Bielski,619 Main LN,,Ohatchee,HI,48359
Addie,Schilling,239 Main LN,,Ohatchee,HI,99901
Annmarie,Udall,662 Coit DR,,Polo,MD,58243
Lavinia,Shirley,848 Coit LN,,Aline,MS,66507
Hassan,Williams,630 Coit LN,,Rapid City,WY,04222
Corie,Hammer,246 Coit DR,,Hillman,AR,39556
Elise,Neis,886 Coit DR,,Winfield,DE,00637
Frederic,Martinez,715 Main DR,,Sutton,OK,92620
Enrique,Anderson,941 Coit DR,,Marine,GU,99116
Enrique,Badger,259 Coit LN,,Hydaburg,ME,56113
Cheryll,Lyman,559 Coit LN,,Kotzebue,AS,50057
Ana,Bertagnolli,889 Main LN,,Leoma,UT,95938
Ana,Brown,182 Main LN,,Burkesville,CT,02557
Ana,Davis,738 Coit DR,,Burkesville,CT,26505
Ana,Hartwick,131 Main DR,,Leoma,UT,95938
Ana,Hernandez,952 Main LN,,Blair,IN,66428
Ana,Lee,111 Main DR,,Wellfleet,IN,66427
Ana,Rubenacker,987 Coit DR,,Marysville,IN,66425
Jean,Aceves,350 Main LN,,Joelton,IL,07866
Jean,Anfang,619 Coit DR,,North Webster,NE,13326
Jean,Ball,657 Coit LN,,Kenedy,AZ,23038
Jean,Bowman,871 Main DR,,Fate,FL,33122
Jean,Crissinger,212 Main DR,,North Bergen,ID,44092
Jean,Daniels,107 Main LN,,Eupora,NJ,11354
Jean,Delie,664 Main DR,,Hedley,NM,11530
Jean,Groff,264 Main DR,,Kemp,IL,07866
Jean,Hawkins,401 Main LN,,Big Stone City,NJ,11359
Jean,Higinbotham,753 Coit DR,,Armstrong Creek,ID,81044
Jean,Isbell,202 Coit DR,,Kemp,IL,07865
Jean,Jones,731 Coit DR,,Worthington,TN,87723
Jean,Ling,304 Main DR,,Hartsdale,AL,76245
Jean,Pearson,832 Main DR,,Fielding,FL,33129
Jean,Riem,280 Main DR,,Fate,FL,94070
Jean,Schiller,586 Coit DR,,Hartsdale,AL,76245
Jean,Smail,932 Main DR,,Los Indios,AL,76249
Jean,Stephens,325 Main LN,,Laurel Hill,NM,72456
Jasper,Davis,401 Coit DR,,Eckert,GA,55364
Heidi,Paige,113 Main DR,,Earle,MS,17566
Edgar,Felan,380 Main DR,,Cardwell,KY,63377
Edgar,Orozco,835 Main LN,,Port Leyden,MP,54106
Edgar,Tyler,874 Coit LN,,Port Leyden,MP,54106
Louis,Cromwell,903 Coit DR,,Vansant,MT,78631
Louis,Davies,906 Coit LN,,Lenora,NH,23148
Louis,Egan,784 Coit LN,,Clarklake,RI,25526
Louis,Kerr,471 Main DR,,Points,VT,23395
Louis,Kimball,760 Main DR,,Redgranite,RI,25524
Louis,Lucarelli,981 Coit DR,,Grand View,MD,83211
Louis,Mcall,833 Coit DR,,Lahaina,NC,76841
Louis,Mercer,749 Main LN,,Port Clinton,NH,23146
Louis,Ruen,295 Coit DR,,Belvidere Center,MT,78632
Louis,Wesley,359 Main LN,,Lowes,RI,74570
Lowell,Duncan,482 Main DR,,Selinsgrove,WI,92058
Lowell,Knight,199 Main LN,,Selinsgrove,WI,92064
Julia,Beebe,991 Coit DR,,Niwot,VI,13035
Julia,Daly,520 Coit LN,,Pikeville,NJ,98852
Julia,Fehn,381 Coit DR,,Kalskag,MI,32259
Julia,Illas,984 Coit LN,,Ramey,AZ,59066
Julia,Karge,227 Coit LN,,Kalona,IN,17360
Julia,Loney,249 Coit DR,,Swannanoa,MI,32257
Julia,Munoz,997 Coit LN,,Mayetta,NE,37357
Norman,Chavarria,864 Main LN,,Orangeburg,ND,01230
Norman,Dee,548 Coit LN,,Alpena,MT,29626
Norman,Guerin,927 Coit LN,,North Canton,MT,15019
Norman,Hough,615 Main LN,,Hailey,AR,37082
Norman,Miracle,100 Coit DR,,North Canton,MT,15019
Norman,Monahan,831 Main LN,,Hailey,AR,37083
Norman,Nagy,689 Coit LN,,Hailey,AR,98072
Norman,Rascon,798 Coit LN,,Alpena,MT,29626
Norman,Sidden,783 Main DR,,Natalbany,MO,44675
Margaret,Bailey,487 Main DR,,Schulenburg,SD,70754
Margaret,Baxter,241 Coit DR,,Lenox Dale,WA,72774
Margaret,Berry,499 Main LN,,Moodus,WI,80002
Margaret,Brewer,693 Coit LN,,Grain Valley,SC,33597
Margaret,Bryant,717 Coit DR,,Rohnert Park,CA,53017
Margaret,Cambio,205 Coit LN,,Bon Wier,IL,42206
Margaret,Chavez,200 Coit LN,,Vesuvius,AS,62085
Margaret,Corral,672 Main LN,,Bon Wier,IL,42206
Margaret,Feltrop,170 Main DR,,Fitzgerald,SD,45710
Margaret,Goryl,617 Main LN,,Four Oaks,AK,17762
Margaret,Graham,778 Main LN,,Ochlocknee,OK,80644
Margaret,Griffin,639 Main LN,,Rohnert Park,CA,28081
Margaret,Hamilton,313 Main DR,,Pascoag,WY,28270
Margaret,Harris,938 Coit DR,,Scaly Mountain,WV,55775
Margaret,Hummel,111 Main DR,,Four Oaks,AK,17763
Margaret,Hutchinson,885 Coit DR,,Point Mugu Nawc,WA,70113
Margaret,Jenkins,491 Main DR,,Red Hook,WY,92879
Margaret,Johnson,428 Coit DR,,New Harbor,DC,24221
Margaret,Lane,191 Coit LN,,Ahsahka,OK,43560
Margaret,Leblanc,853 Coit DR,,New Harbor,DC,24221
Margaret,Lopez,121 Main DR,,Byrdstown,OH,08826
Margaret,Manion,993 Main LN,,Sapphire,ID,95607
Margaret,Martinez,238 Coit DR,,Byrdstown,OH,08826
Margaret,Merchant,623 Coit LN,,Four Oaks,AK,17763
Margaret,Morales,993 Main LN,,Eagle Grove,SD,70736
Margaret,Nichols,863 Coit DR,,Modesto,ND,62375
Margaret,Priest,489 Main DR,,Chester Heights,AK,15136
Margaret,Ramirez,808 Main DR,,Scaly Mountain,WV,53118
Margaret,Ramos,734 Coit DR,,Vesuvius,AS,62084
Margaret,Robinson,260 Coit LN,,Tillar,WV,28133
Margaret,Sanders,647 Coit LN,,West Hurley,GA,06467
Margaret,Vattimo,750 Main LN,,Tougaloo,VT,49965
Margaret,Wallace,787 Coit LN,,Rohnert Park,CA,28081
Margaret,Wood,554 Coit LN,,Mahanoy City,GA,80443
Margaret,Young,711 Main LN,,Energy,WV,53118
Jacqueline,Alemi,460 Main LN,,Herod,NE,49343
Jacqueline,Allman,505 Main LN,,North Yarmouth,IN,17366
Jacqueline,Anders,326 Coit LN,,Frazeysburg,VI,15695
Jacqueline,Bogan,141 Main LN,,Vest,IN,29372
Jacqueline,Brandon,505 Main DR,,Lone Rock,AZ,96006
Jacqueline,Burk,138 Main LN,,Calliham,VI,39643
Jacqueline,Cox,221 Main DR,,Herod,NE,49343
Jacqueline,Downs,799 Coit LN,,Reading,NJ,98858
Jacqueline,Engelhart,811 Coit LN,,North Bennington,HI,12565
Jacqueline,Lei,889 Main DR,,Elephant Butte,AL,66842
Jacqueline,Martinich,456 Main LN,,Reading,NJ,98858
Jacqueline,Pierre,327 Main LN,,Reading,NJ,98858
Jacqueline,Wood,958 Coit DR,,Scio,NE,37369
Rose,Arteaga,364 Coit DR,,Birchdale,NE,98304
Rose,Bandoni,604 Main LN,,Smithville,NJ,49916
Rose,Beard,411 Coit DR,,Ochopee,AZ,37650
Rose,Brittain,315 Main LN,,Bluff City,AL,30808
Rose,Cabrera,359 Coit DR,,Ogunquit,NM,72476
Rose,Cummins,276 Coit LN,,Vilonia,VI,25040
Rose,Francis,759 Coit LN,,Ulen,NJ,49915
Rose,Hardy,816 Coit DR,,Potterville,NM,35490
Rose,Humphrey,977 Main LN,,Gravelly,AZ,72017
Rose,Keith,316 Main LN,,Ochopee,AZ,37650
Rose,Palomino,658 Main DR,,Wonder Lake,IL,07885
Rose,Parsons,798 Main LN,,Yatesville,FL,11784
Rose,Paul,368 Main DR,,Ulen,NJ,37938
Rose,Reeves,663 Coit DR,,Little Cedar,NM,72470
Rose,Romeo,955 Main DR,,North Dighton,AL,29835
Rose,Schaffer,915 Main DR,,Levasy,VI,25043
Sylvia,Barnes,612 Main LN,,Gruetli Laager,VI,25108
Sylvia,Blais,761 Main DR,,Larchmont,LA,99606
Sylvia,Brummet,255 Coit LN,,Speed,MI,56180
Sylvia,Costello,915 Main LN,,Lawtell,NE,74428
Sylvia,Fairley,145 Coit LN,,Keswick,IN,93926
Sylvia,Gonzales,583 Coit LN,,Gruetli Laager,VI,25108
Sylvia,Kuhn,690 Coit DR,,Pleasant Grove,NE,74427
Sylvia,Leach,606 Coit LN,,Los Olivos,AL,03244
Sylvia,Lore,708 Main LN,,Flanders,MI,81129
Sylvia,Olney,400 Coit DR,,Islesford,MI,81128
Sylvia,Patel,501 Main LN,,Clarkrange,VI,25107
Sylvia,Simmons,611 Main DR,,Madelia,VI,25108
Sylvia,Tan,926 Coit DR,,Federalsburg,NE,74428
Latisha,Lubben,556 Main LN,,Breedsville,PR,22030
Latisha,Troisi,271 Main DR,,Breedsville,PR,95010
Merlin,Crawford,653 Coit LN,,East Taunton,OK,04087
Lula,Krepelka,333 Main LN,,Teterboro,CO,77656
Lula,Roblero,244 Main LN,,Eagle Pass,TX,46164
Lula,Wilson,512 Coit LN,,Temple City,CO,51022
Leora,Spain,479 Main DR,,King And Queen Court House,ME,07041
Cesar,Fite,340 Main LN,,San Pablo,ID,32097
Cesar,Fogg,100 Main LN,,Kershaw,ID,93041
Cesar,Hernandez,957 Main DR,,White Pigeon,GU,02140
Graciela,Cotta,104 Main LN,,Rodeo,DE,36584
Demetria,Leyva,322 Coit LN,,Calhoun Falls,IA,95437
Demetria,Rossi,110 Main DR,,Bassfield,IA,95437
Shawn,Beane,258 Coit DR,,Rankin,LA,36080
Shawn,Campbell,600 Coit LN,,Byromville,RI,72057
Shawn,Carter,894 Main DR,,Byromville,RI,59088
Shawn,Davis,184 Coit DR,,Rankin,LA,36081
Shawn,Dunbar,885 Main DR,,Kunia,ND,03870
Shawn,Herron,974 Coit DR,,Kunia,ND,40816
Shawn,Kerley,922 Coit LN,,Little Switzerland,MO,42050
Shawn,Lanphear,441 Main DR,,Meadow,HI,12549
Shawn,Martinez,172 Main DR,,Rankin,LA,36081
Shawn,Morales,974 Main LN,,Mattituck,RI,96025
Shawn,Streng,174 Main LN,,South Londonderry,MD,34429
Julie,Blake,854 Coit DR,,Killbuck,NV,45204
Julie,Brady,595 Coit DR,,Killbuck,NV,45204
Julie,Byrd,532 Main LN,,Shadyside,AZ,49649
Julie,Clark,506 Coit LN,,Brookville,NJ,62923
Julie,Cole,896 Main LN,,Granite City,FL,21144
Julie,Escobar,789 Main DR,,Emmalena,WA,72934
Julie,Forer,712 Main DR,,Green City,AL,05902
Julie,Gil,944 Coit LN,,Sparkman,AS,13083
Julie,Gonzalez,314 Main DR,,Forrest,NM,11577
Julie,Martin,879 Coit DR,,Glen Aubrey,NJ,62922
Julie,Miller,101 Coit LN,,Schellsburg,NJ,01904
Julie,Newton,276 Main DR,,Negaunee,NV,47871
Julie,Ng,583 Coit DR,,Hawesville,NM,23551
Julie,Norton,329 Coit LN,,North Robinson,WA,23924
Julie,Perez,358 Main LN,,Brookville,NJ,62922
Julie,Rico,341 Main DR,,Jeannette,AS,37055
Julie,Romero,242 Main DR,,Ashford,FL,45112
Julie,Simms,755 Main LN,,Hustle,AS,13084
Julie,Staggs,560 Coit DR,,Ferndale,AL,52240
Julie,Vasquez,663 Main LN,,Ashford,FL,21146
Julie,Walker,688 Main DR,,Morse,NJ,62924
Julie,Windham,965 Coit DR,,Luke Air Force Base,IL,20855
Luther,Anderson,277 Coit LN,,Saginaw,GU,28747
Luther,Moore,830 Coit DR,,La Vernia,GU,28748
Lynsey,Mazuera,193 Main LN,,Cameron,ND,03865
Greg,Clifton,816 Main DR,,Oakton,AK,64138
Greg,Edmonds,539 Coit LN,,Efland,AK,64136
Greg,Grumbles,866 Coit DR,,Cohasset,IA,34488
Greg,Joung,767 Coit LN,,Stanberry,IA,34473
Greg,Moctezuma,128 Main DR,,Davin,MP,54169
Greg,Rippy,967 Main LN,,New Suffolk,CT,99591
Greg,Samb,556 Coit DR,,Aldrich,AK,64137
Greg,Sokolosky,383 Main DR,,Oakton,AK,76120
Rey,Lopez,860 Main DR,,Lemitar,KS,53572
Ariel,Vargas,300 Main DR,,Rimersburg,CA,18603
Clay,Hall,202 Main DR,,Citrus Heights,OH,18214
Clay,Hill,262 Coit LN,,Monaca,OH,45833
Clay,Sternisha,839 Coit LN,,Citrus Heights,OH,18214
Frank,Ahmed,513 Main LN,,Walton,VT,62853
Frank,Armenta,518 Main DR,,Gorin,NC,98203
Frank,Barwig,551 Main LN,,Saint Louis,RI,25608
Frank,Bryant,354 Coit DR,,Harper,SD,70734
Frank,Bunay,349 Main LN,,Gorin,NC,27924
Frank,Buta,912 Coit DR,,Spanishburg,NC,27924
Frank,Carr,787 Coit LN,,Scandia,RI,13656
Frank,Carter,784 Main LN,,Missoula,GA,79407
Frank,Cunningham,715 Main DR,,Moorestown,OK,92384
Frank,Downey,949 Main LN,,Hugo,DC,87823
Frank,Egurrola,575 Main DR,,Chicago,AR,03449
Frank,Gill,307 Coit LN,,Escondido,SD,67019
Frank,Gustafson,692 Main LN,,Columbus Grove,DC,87821
Frank,Harden,278 Coit DR,,Hugo,DC,87824
Frank,Henson,355 Main LN,,Walnut,WA,33161
Frank,Her,547 Coit LN,,Melissa,NC,98203
Frank,Herbert,753 Main LN,,Casstown,DC,87821
Frank,Hogan,764 Coit DR,,Canones,NM,60614
Frank,Jacobs,751 Coit DR,,Scandia,RI,13656
Frank,Juarez,697 Coit DR,,Del Rio,SC,33510
Frank,Jung,898 Main LN,,Sallisaw,AS,49032
Frank,Kremer,646 Coit DR,,Stokesdale,MN,29009
Frank,Leniger,321 Main DR,,Stebbins,SD,70715
Frank,Mcbride,963 Coit DR,,Olivia,NM,60604
Frank,Mccallister,503 Coit DR,,Bevier,AR,03448
Frank,Mccoy,572 Main DR,,Winder,OH,80110
Frank,Mcdowell,781 Main DR,,Shaftsbury,VT,74830
Frank,Morrison,579 Main DR,,Rio Vista,GA,06332
Frank,Mueller,154 Main DR,,Olivia,NM,60605
Frank,Oneal,564 Main DR,,West Green,WA,33161
Frank,Pesch,976 Coit DR,,Lakehurst,MA,97883
Frank,Pineda,380 Main LN,,Cokeburg,NV,70085
Frank,Pulliam,541 Coit LN,,Merrillan,MT,40020
Frank,Rivera,555 Main DR,,Mascot,GA,79407
Frank,Russo,368 Main LN,,Horse Cave,WA,45144
Frank,Santana,914 Main LN,,Cokeburg,NV,70085
Frank,Simpkins,447 Main DR,,Merrillan,MT,15064
Frank,Smith,551 Main DR,,Hugo,DC,87823
Frank,Valdez,332 Main LN,,Pittsburgh,RI,13658
Frank,Vega,507 Coit DR,,Belleville,GA,55375
Frank,Welch,302 Coit DR,,Winder,OH,08830
Ruby,Ansley,750 Main DR,,Sheboygan,MI,44224
Ruby,Brokamp,521 Main LN,,Flushing,VI,98166
Ruby,Hudson,228 Coit LN,,Vivian,NE,37341
Ruby,Jones,856 Coit DR,,Irvine,LA,48009
Ruby,Laws,740 Main DR,,Sheppard Afb,VI,98154
Ruby,Parnell,196 Main LN,,Flushing,VI,98166
Ruby,Stamps,743 Main DR,,Silver,AL,54868
Lien,Cowlishaw,336 Main DR,,Sarah Ann,MT,76006
Jacquelin,Hartz,156 Main LN,,Terryville,ID,58847
Jacquelin,Kercheval,867 Main DR,,Terryville,ID,58845
Jonathan,Andrews,732 Coit DR,,Arapahoe,FL,47616
Jonathan,Bollinger,414 Coit LN,,Topmost,TN,99722
Jonathan,Burke,362 Coit LN,,Merritt,NC,98250
Jonathan,Contreras,282 Coit LN,,Fisherville,NC,98252
Jonathan,Daniels,129 Coit DR,,West Bend,VT,11451
Jonathan,Eisert,733 Coit LN,,Paragon,MD,58205
Jonathan,Erndt,172 Main LN,,Exeland,NV,84624
Jonathan,Estrada,441 Main LN,,Fontanelle,NC,98251
Jonathan,Farrell,609 Coit DR,,Okemos,AR,52581
Jonathan,Fitzgerald,741 Coit DR,,Powellton,NH,37807
Jonathan,Harper,247 Coit DR,,Merritt,NC,98250
Jonathan,Hester,473 Main DR,,Virgilina,RI,25560
Jonathan,Mason,799 Coit DR,,Remlap,VT,23437
Jonathan,Mcafee,260 Main DR,,Topmost,TN,73110
Jonathan,Mcpherson,540 Coit LN,,Crump,RI,62558
Jonathan,Mixon,928 Coit LN,,Topmost,TN,75773
Jonathan,Nunez,726 Main LN,,Merritt,NC,98251
Jonathan,Palmer,766 Coit DR,,Panora,VT,35405
Jonathan,Robles,792 Main LN,,Addison,NV,60649
Jonathan,Silva,539 Main LN,,Remlap,VT,23436
Katherine,Batemon,982 Main DR,,Selmer,AL,29824
Katherine,Bryan,651 Main DR,,Edgartown,AZ,60025
Katherine,Cornstubble,777 Main DR,,New Lenox,NM,59489
Katherine,Dunham,619 Coit LN,,Mowrystown,AS,49026
Katherine,Ferris,752 Main DR,,South Kortright,NE,25313
Katherine,Fowler,996 Main DR,,Sultan,NJ,49920
Katherine,Hardy,296 Coit LN,,Coburn,FL,33101
Katherine,Houston,873 Coit LN,,Edgartown,AZ,59039
Katherine,Mann,591 Coit DR,,Phoenicia,FL,35760
Katherine,Palma,328 Main LN,,South Kortright,NE,62349
Katherine,Rawlings,841 Coit DR,,Ubly,IL,32833
Katherine,Rojas,775 Main DR,,Nellysford,NM,60473
Katherine,Saleh,558 Main DR,,Chichester,IL,32833
Katherine,Severino,541 Main LN,,Onia,ID,71842
Katherine,Sheridan,190 Coit DR,,Lamar,VI,49022
Katherine,Sims,687 Coit LN,,Estancia,NM,60476
Katherine,Songy,256 Coit LN,,Onia,ID,22835
Katherine,Wong,831 Coit LN,,Bunn,NJ,23304
William,Adebanjo,944 Main DR,,Ridgeville Corners,NE,37403
William,Alvarez,419 Main DR,,Shoshone,OK,31561
William,Anderson,396 Coit DR,,Whiteoak,KS,28578
William,Arispe,981 Coit DR,,Shepherd,KY,26278
William,Bailey,181 Main DR,,Chevy Chase,WV,53129
William,Baize,783 Coit LN,,La Russell,PA,75473
William,Baker,203 Coit LN,,Lentner,OR,77417
William,Baluyot,470 Coit DR,,Cherry Point,MA,22312
William,Bascom,499 Coit DR,,Cherry Point,MA,24974
William,Batacan,145 Main DR,,Seneca Rocks,WA,21230
William,Besh,267 Coit LN,,White Hall,WV,89124
William,Bjork,199 Main DR,,Evarts,PA,38462
William,Borrett,768 Main DR,,Olean,WV,89129
William,Broach,679 Main LN,,Laguna Hills,KY,75270
William,Brogdon,265 Coit LN,,Silva,CT,73043
William,Brown,470 Coit LN,,Pittsfield,LA,36035
William,Buba,823 Main LN,,Walstonburg,SC,57649
William,Burnett,304 Main LN,,Fairlee,NH,50644
William,Cabana,763 Main LN,,Big Cabin,KY,87326
William,Campbell,104 Coit LN,,Etoile,OR,18970
William,Capellan,462 Main LN,,Wellsboro,PA,04988
William,Carrozzi,746 Main LN,,Wasta,SC,57648
William,Ceballos,880 Coit LN,,East New Market,MS,64035
William,Clark,118 Coit DR,,Indian Lake,CO,90621
William,Cole,937 Main DR,,Juda,WY,41232
William,Cornell,683 Coit LN,,Lake Luzerne,NE,25430
William,Cox,356 Coit DR,,Chevy Chase,WV,79758
William,Cruz,518 Coit DR,,Chualar,OR,43938
William,Cutler,299 Coit LN,,Harbeson,MS,39078
William,Daniels,511 Coit DR,,Wasta,SC,06040
William,Davis,627 Coit DR,,Wickett,KY,89815
William,Defranco,186 Coit DR,,Woolwine,CT,02747
William,Delgado,627 Coit DR,,Wevertown,OK,41016
William,Duffield,487 Main DR,,Catron,LA,97024
William,Dyke,170 Coit LN,,Ore City,LA,48051
William,Eddings,968 Coit LN,,Drummonds,LA,61072
William,Elliott,272 Coit LN,,Pittsboro,SC,33635
William,Ertter,788 Main LN,,Point Arena,OK,79547
William,Eteaki,968 Coit DR,,Incline Village,KS,77562
William,Farah,293 Main DR,,Oliveburg,TN,02809
William,Farina,394 Main DR,,Baldwinville,LA,02653
William,Felty,843 Coit DR,,Kerhonkson,CT,87564
William,Fisher,518 Coit DR,,Willet,WV,90067
William,Fowler,905 Coit DR,,Bedford Hills,SD,57584
William,Frederick,959 Coit DR,,East Weymouth,NM,59421
William,Garcia,531 Main LN,,Camp Grove,LA,48033
William,Garrison,863 Coit LN,,Bardstown,FL,47715
William,Giuliano,950 Coit DR,,Mallard,CT,26537
William,Gonzales,811 Coit LN,,Millers Creek,WY,41234
William,Gonzalez,930 Main LN,,Gilsum,GU,04760
William,Gordon,215 Main DR,,Crystal Springs,GA,80241
William,Graham,337 Main DR,,Myrtle,OH,94940
William,Grimes,289 Coit DR,,Wilber,FL,11767
William,Hall,743 Main DR,,Pennville,CO,04626
William,Hamilton,907 Main DR,,Juda,WY,90247
William,Hancock,813 Coit LN,,Altamont,NY,23934
William,Hansen,875 Coit DR,,Saint Xavier,OH,80224
William,Harris,768 Coit LN,,Weyerhaeuser,KS,53570
William,Henderson,659 Main LN,,Millers Creek,WY,41234
William,Hensel,714 Coit DR,,Mart,LA,99632
William,Hernandez,905 Main LN,,Wood River Junction,PA,53965
William,Herrman,238 Main LN,,Wickett,KY,89815
William,Hollier,664 Main LN,,Londonderry,KY,99343
William,Hornback,697 Coit DR,,Brussels,CT,14569
William,Houle,998 Main LN,,Pleasant Ridge,TN,97123
William,Jackson,598 Main DR,,Velma,PA,16948
William,Jones,279 Main LN,,Vauxhall,KY,99344
William,Kaelin,991 Coit DR,,Lynden,CT,97067
William,Kerby,518 Main DR,,Dewitt,CT,73043
William,Kim,419 Main DR,,New Riegel,CA,18631
William,Kinzer,142 Main LN,,Westtown,CT,02538
William,Knight,489 Main LN,,Dixon Springs,OH,79239
William,Lee,583 Main LN,,Kittrell,GU,02121
William,Long,167 Main DR,,West Jordan,WY,28390
William,Lopez,215 Main DR,,Virginville,LA,02720
William,Mangrich,524 Coit LN,,Pigeon Falls,NC,37140
William,Martin,101 Coit LN,,Weyerhaeuser,KS,89509
William,Martinez,944 Coit LN,,Italy,KS,77561
William,Massengill,753 Main DR,,Mazama,PA,63436
William,Mcaninch,331 Main DR,,Munith,PA,77961
William,Middlebrook,876 Coit DR,,Lithopolis,CT,02553
William,Miller,809 Main LN,,Tampa,GU,65732
William,Moore,397 Coit DR,,Kittrell,GU,02122
William,Nakagawa,639 Coit LN,,Manitowoc,KY,77878
William,Noble,205 Coit LN,,Newberry Springs,NM,59419
William,Olsen,252 Main LN,,Smithdale,NH,47041
William,Patel,635 Coit DR,,West Jordan,WY,28390
William,Patrick,762 Main DR,,Ridge,NH,50644
William,Patterson,428 Main LN,,Okauchee,NY,45361
William,Perez,575 Coit DR,,Kittrell,GU,02121
William,Phillips,942 Coit LN,,San Manuel,OR,77418
William,Piccirillo,553 Coit DR,,Hansboro,KY,38225
William,Prince,952 Main LN,,Valatie,WA,21230
William,Puckett,529 Main LN,,Bush,NJ,35221
William,Reyes,848 Main LN,,Tuscarawas,KS,41571
William,Rivera,407 Main LN,,Pennville,CO,04626
William,Rodriguez,581 Main DR,,Midnight,KS,41558
William,Rogers,799 Main LN,,Olean,WV,89128
William,Roles,990 Main DR,,West Concord,PA,02324
William,Romero,329 Main DR,,Millers Creek,WY,90248
William,Rowley,589 Coit LN,,Henlawson,MS,40062
William,Saff,776 Main LN,,Copalis Crossing,WI,67055
William,Saintjean,813 Main LN,,Sharps,MA,22311
William,Sanchez,655 Main LN,,Ferris,GU,89706
William,Scholl,939 Main DR,,Hubbardston,MN,07524
William,Smith,280 Coit DR,,Taconite,KS,41553
William,Smithey,753 Main LN,,Imogene,CT,26719
William,Spears,637 Coit DR,,Newberry Springs,NM,59419
William,Spink,455 Main LN,,Cherry Point,MA,24974
William,Stull,202 Coit DR,,Mize,MN,07522
William,Synovec,769 Main DR,,Pompton Plains,CA,65078
William,Taylor,645 Coit LN,,Evarts,PA,38463
William,Thomas,588 Coit DR,,Hammonton,CT,63552
William,Ware,758 Main LN,,Velpen,FL,35739
William,White,328 Coit LN,,Happy Valley,GU,89706
William,Williams,422 Main DR,,Wiota,OK,16050
William,Winger,158 Main LN,,Dewitt,CT,99674
William,Woodard,326 Main LN,,Seneca Rocks,WA,23894
William,Wurtzel,374 Main LN,,Shanks,MN,93463
William,Young,563 Main LN,,Yanceyville,KS,99008
Jerome,Bruske,911 Coit LN,,Stevens Point,AK,52133
Angeline,Gerding,868 Coit LN,,Hearne,PR,61550
Velda,Pring,534 Main LN,,Vanceboro,ID,56212
Gertrude,Agosto,766 Main DR,,Wade,PR,61519
Gertrude,Dejesus,652 Main LN,,Alta Vista,MS,78558
Gertrude,Gonzalez,371 Main DR,,Stone Park,PA,26349
Gertrude,Gonzalezlopez,256 Coit LN,,Wade,PR,61519
Gertrude,Martinez,602 Coit DR,,Beavertown,PA,38313
Gertrude,Mccomb,784 Main LN,,Wade,PR,61530
Gertrude,Nygren,268 Coit LN,,Pacolet,PA,26342
Gertrude,Roberts,851 Main LN,,South Padre Island,UT,56273
Adrienne,Ammon,476 Main LN,,Mena,MA,58102
Adrienne,Bloomquist,260 Main DR,,Mena,MA,58102
Adrienne,Lacerda,333 Main DR,,Byars,MA,73729
Stacia,Presnell,426 Coit LN,,Blencoe,ID,71825
Harold,Bankston,281 Coit LN,,Nolanville,MN,29018
Harold,Belanger,794 Main LN,,East Greenwich,NC,62286
Harold,Benedik,465 Main LN,,New Braunfels,NM,33009
Harold,Bobe,727 Main DR,,Port Sanilac,MA,46225
Harold,Bridges,424 Main LN,,De Leon Springs,RI,62534
Harold,Caldwell,546 Coit LN,,Alvaton,AR,15467
Harold,Cella,993 Main DR,,Netcong,MA,48885
Harold,Correa,621 Coit DR,,Glenpool,NM,08030
Harold,Dougherty,870 Coit LN,,New Braunfels,NM,23669
Harold,Epperson,417 Main LN,,Idaho City,NC,62288
Harold,Hampton,859 Coit LN,,Mcadoo,NY,47948
Harold,Hiatt,905 Coit DR,,Chaptico,MT,76059
Harold,Hong,258 Main DR,,Mantador,VT,74869
Harold,Jenkins,174 Coit DR,,Port Crane,NH,11205
Harold,Joseph,867 Main DR,,Hungerford,AR,03470
Harold,Kohls,105 Main DR,,Port Sanilac,MA,46225
Harold,Law,125 Main DR,,Big Flat,VT,74849
Harold,Maxwell,768 Main DR,,Irondale,NY,47946
Harold,Morrobel,428 Coit LN,,Nolanville,MN,56681
Harold,Perry,306 Main LN,,Twain,NH,11205
Harold,Peterson,103 Coit LN,,Pageland,NV,33029
Harold,Schwartz,859 Coit LN,,Ault,WA,57117
Harold,Sears,786 Coit DR,,Levels,VT,47270
Harold,Toothman,983 Coit DR,,Netcong,MA,48885
Harold,Watts,231 Coit DR,,Ault,WA,57117
Harold,Wayne,921 Coit LN,,Friedheim,MT,03063
Wilson,Day,339 Main LN,,Merchantville,WI,92081
Wilson,Mejia,524 Main DR,,Merchantville,WI,92082
Daron,Evans,804 Coit DR,,Fort Jones,OR,65355
Leola,Halloway,358 Main LN,,Mountain Lakes,DE,36590
Marietta,Ozturk,792 Main LN,,Wideman,MA,24966
Pia,Alejo,895 Coit DR,,Mount Vision,MT,29653
Ambrose,Lopez,895 Coit DR,,Pequannock,OR,43917
Althea,Lofgren,745 Coit LN,,Worcester,TX,24845
Janine,Mottola,317 Main DR,,Prince,DE,10028
Janine,Segall,920 Coit LN,,Bremo Bluff,DE,10024
Janine,Semien,522 Main LN,,Bremo Bluff,DE,10024
Edna,Aitchison,312 Coit DR,,Burnt Hills,DE,36460
Edna,Bolger,389 Coit LN,,Wilsall,MI,56152
Edna,Bowie,982 Coit LN,,Pimento,VI,74130
Edna,Colebank,876 Coit DR,,Wilsall,MI,56152
Edna,Desantiago,462 Coit DR,,Folkston,IN,30316
Edna,Juarez,985 Coit DR,,East Grand Forks,NH,50626
Edna,Mckee,776 Main DR,,Round Rock,NE,49424
Edna,Meadows,506 Coit DR,,Knightsen,NE,62420
Edna,Philips,997 Coit DR,,La Jolla,IN,68922
Edna,Rivas,491 Coit LN,,Algonac,AL,15229
Edna,Roach,581 Main LN,,Effie,NE,74403
Edna,Shrader,825 Coit DR,,Letts,IN,30315
Edna,Weber,681 Main DR,,Repton,NH,47060
Tabitha,Arbaugh,419 Coit DR,,Bean Station,HI,24322
Tabitha,Hoyt,470 Coit LN,,Bean Station,HI,24322
Tracey,Huth,245 Main DR,,Antimony,PR,71055
Tracey,Perugini,612 Main LN,,Antimony,PR,48653
Trina,Couillard,202 Main LN,,Fifield,HI,24522
Delbert,Bradley,144 Coit DR,,Brady,WI,43143
Delbert,Hawkins,344 Coit DR,,Nelsonia,WI,43149
Delbert,Kelley,204 Main LN,,Nelsonia,WI,43149
Garfield,Jackson,269 Main DR,,Vega Baja,OR,65320
Kimberly,Barker,841 Coit DR,,Pine Village,SD,06053
Kimberly,Benn,143 Coit DR,,Lucinda,ID,68029
Kimberly,Bollinger,113 Coit LN,,Icard,AL,17744
Kimberly,Bush,809 Main DR,,Hibbs,SD,45660
Kimberly,Chapman,363 Coit DR,,Becket,FL,60550
Kimberly,Charles,307 Coit LN,,Bowie,NY,82244
Kimberly,Curbelo,592 Coit LN,,Seward,HI,75978
Kimberly,Dunbar,731 Main LN,,Cape Neddick,AZ,96073
Kimberly,Flynn,686 Coit DR,,Biggsville,AS,52637
Kimberly,George,164 Coit LN,,Becket,FL,60550
Kimberly,Hassan,807 Main LN,,Big Arm,DC,48226
Kimberly,Hills,840 Main LN,,Big Oak Flat,IL,29209
Kimberly,Hood,422 Main LN,,Fults,NJ,96111
Kimberly,Johnson,109 Main LN,,Big Arm,DC,48226
Kimberly,Lloyd,102 Main DR,,East Winthrop,AS,52638
Kimberly,Mcdonough,763 Coit LN,,Big Arm,DC,48226
Kimberly,Nagengast,321 Coit DR,,Lucinda,ID,68029
Kimberly,Nichols,650 Coit LN,,Sunburg,SC,70464
Kimberly,Oconnor,690 Main LN,,Suwannee,NV,59802
Kimberly,Ohara,976 Coit LN,,Big Arm,DC,75844
Kimberly,Parrill,571 Main DR,,Lucinda,ID,95623
Kimberly,Perkins,680 Main LN,,Hampton Bays,FL,84523
Kimberly,Ramsey,176 Coit LN,,Suwannee,NV,08202
Kimberly,Roz,561 Coit DR,,Fredericktown,FL,72528
Kimberly,Shaffer,860 Main DR,,Hyrum,NY,82242
Kimberly,Suell,932 Coit LN,,Glade Hill,ID,95621
Kimberly,Warren,979 Coit LN,,Maxton,SC,70449
Kimberly,Watson,973 Main DR,,Mooresburg,WI,08751
Kimberly,Woodruff,245 Coit DR,,Cape Neddick,AZ,84096
Kimberly,Zuniga,796 Coit DR,,Pleasant Shade,NJ,96118
Earleen,Hail,933 Main DR,,Aurelia,AS,52620
Patrica,Gasque,357 Coit DR,,Lock Springs,DE,00622
Titus,Mayersky,690 Main LN,,Wofford Heights,OR,16328
Susannah,Coulson,878 Coit DR,,Catawba,MO,42021
Susannah,Urrabazo,488 Main LN,,Catawba,MO,42021
Tommie,Cristiano,210 Coit DR,,Stearns,TX,24857
Tommie,Dente,599 Coit LN,,Stearns,TX,24857
Tommie,Gonzales,401 Coit DR,,Wahiawa,OH,06248
Nicolasa,Kassman,778 Coit DR,,Spokane,MT,27045
Clara,Autrey,405 Main DR,,Naples,LA,73051
Clara,Crews,989 Main DR,,Wahoo,VA,76367
Clara,Motta,208 Main DR,,Naples,LA,26704
Clara,Sloan,354 Coit LN,,Ebensburg,VI,15778
Clara,Sun,171 Main DR,,Lucas,VA,88348
Clara,Swift,923 Main DR,,Mode,VA,76367
Clara,Wendel,257 Coit DR,,Marlton,IN,19951
Clara,Zehr,245 Coit LN,,Batesville,MI,68303
Wes,White,602 Main DR,,Bunch,KS,04430
Mariano,Kelly,360 Coit DR,,Menlo Park,OK,77006
Mariano,Richardson,268 Main LN,,San Carlos,OK,53057
Shauna,Nerio,983 Coit DR,,Capitola,PR,00716
Celia,Espin,466 Main LN,,Vanderwagen,TX,95126
Justin,Augilar,265 Main DR,,Hainesport,AR,76531
Justin,Austin,493 Main LN,,Idyllwild,NC,37210
Justin,Cline,403 Main LN,,Coila,AR,76537
Justin,Contreras,534 Coit LN,,Sunfield,FL,08009
Justin,Guerrero,629 Main DR,,Sunfield,FL,08006
Justin,Hofmann,183 Main LN,,Westboro,MT,76070
Justin,Kelley,996 Main DR,,Ballston Lake,VT,23405
Justin,Legall,243 Main LN,,Cookson,MO,20658
Justin,Minano,953 Main DR,,Onaga,RI,50573
Justin,Morrison,574 Main DR,,Lidgerwood,FL,08004
Justin,Odom,929 Main DR,,Anahuac,RI,50575
Justin,Pena,727 Main DR,,Valley Bend,FL,08008
Justin,Peters,961 Main LN,,Dunnsville,VT,23408
Justin,Vivier,940 Coit DR,,La Farge,MD,00901
Justin,Willis,110 Main DR,,Sunfield,FL,08009
Sierra,Flor,457 Coit LN,,Patrick Springs,MD,83301
Fredrick,Brown,662 Main LN,,Glen Dale,GU,28734
Fredrick,Herrin,280 Coit LN,,Lomax,ME,56128
Fredrick,Lung,164 Main LN,,Lomax,ME,56128
Fredrick,Young,729 Main DR,,Glen Dale,GU,41712
Pamila,Gibson,311 Coit DR,,Vine Grove,SD,31003
Meg,Clevenger,293 Main DR,,White Salmon,MS,88028
Meg,Jaeger,398 Coit LN,,White Salmon,MS,88029
Mathilda,Moya,243 Main LN,,Sneads,MS,17540
Robert,Albarado,774 Coit DR,,Mound Valley,CT,99507
Robert,Ankley,388 Coit DR,,High Rolls Mountain Park,WI,80101
Robert,Arcos,887 Coit DR,,Clarington,LA,85023
Robert,Ashmon,516 Main DR,,Jeddo,NE,37409
Robert,Aston,774 Main LN,,Tarkio,LA,14709
Robert,Bachman,287 Main DR,,Weirton,DC,48184
Robert,Barragan,131 Coit LN,,Murphysboro,DC,48220
Robert,Benischek,220 Coit LN,,Woodrow,NY,60950
Robert,Berger,789 Coit LN,,Laurelton,NM,60404
Robert,Berkley,434 Main DR,,Indian Valley,LA,12078
Robert,Blandin,634 Main LN,,Mount Prospect,MA,46320
Robert,Boles,211 Coit LN,,Urbana,DC,12190
Robert,Borrero,653 Main LN,,Leblanc,CT,73047
Robert,Bramblett,294 Coit LN,,Broad Top,KY,99353
Robert,Breaux,797 Coit DR,,Sutersville,DC,48162
Robert,Brice,939 Coit LN,,Landisville,TN,99757
Robert,Broadley,646 Coit LN,,Cave Junction,MN,93454
Robert,Brown,151 Main LN,,Dos Rios,CT,51566
Robert,Burkhart,795 Coit LN,,Mapleville,DC,24150
Robert,Casey,321 Main LN,,Rocky Ridge,NH,35061
Robert,Cayetano,668 Coit DR,,Elloree,KY,90813
Robert,Cedillo,119 Coit LN,,Stinesville,TN,14770
Robert,Clarke,970 Main DR,,Delavan,NH,62625
Robert,Collins,990 Coit LN,,Oakville,OH,55335
Robert,Colon,396 Coit LN,,Rush City,NH,62626
Robert,Connolly,633 Main LN,,Lumberton,NJ,49874
Robert,Cruz,734 Main LN,,Oakville,OH,55335
Robert,Davenport,602 Coit LN,,Melbeta,NY,60951
Robert,Davis,504 Coit DR,,Bridgeton,TN,02859
Robert,Deblanc,438 Main DR,,Thayne,MN,93458
Robert,Dentinger,519 Main LN,,Cave Junction,MN,93453
Robert,Diaz,122 Coit DR,,Van Buren,OR,89427
Robert,Edwards,997 Coit LN,,Oakville,OH,55335
Robert,Espineli,125 Main LN,,Rigby,SC,33634
Robert,Esposito,102 Coit LN,,Westhampton,NC,25193
Robert,Ferris,503 Coit LN,,Kingman,DC,12309
Robert,Frank,668 Coit DR,,Rocky Ridge,NH,62626
Robert,Freeman,566 Main DR,,Pinetta,CA,65076
Robert,Gaither,216 Coit LN,,Ardsley,VA,40486
Robert,Garcia,302 Coit LN,,Yorba Linda,KY,77856
Robert,Gatlin,752 Main LN,,Ardsley,VA,40484
Robert,Gentile,535 Main LN,,Villa Park,DC,24174
Robert,Glynn,307 Main DR,,Cave Junction,MN,93453
Robert,Gonzalez,338 Coit LN,,Riparius,CT,36092
Robert,Grant,787 Main DR,,Wild Rose,GA,67482
Robert,Guy,780 Coit DR,,Amado,DC,38873
Robert,Hand,868 Main LN,,Jeddo,NE,50482
Robert,Harris,456 Main DR,,Mozier,KS,75040
Robert,Haugen,779 Main LN,,Hilbert,MN,93451
Robert,Haydon,812 Main LN,,Dalbo,KY,26267
Robert,Hernandez,648 Coit DR,,Fort Johnson,GU,04768
Robert,Hewitt,373 Coit DR,,Lumberton,NJ,49874
Robert,Hilger,451 Coit LN,,Phippsburg,KY,53816
Robert,Hill,124 Coit LN,,West Lebanon,WY,77375
Robert,Hosford,759 Main LN,,Wheaton,KY,16868
Robert,Hucks,931 Main LN,,Gibbon Glade,KY,26267
Robert,Jackson,443 Coit LN,,Three Oaks,CO,28698
Robert,Johnson,518 Main LN,,Lyford,DC,02896
Robert,Jones,242 Coit DR,,Eastchester,DC,12186
Robert,Kim,739 Main LN,,South Bethlehem,WY,53223
Robert,King,822 Main DR,,Terril,GU,99173
Robert,Kline,925 Main DR,,Port Ewen,DC,38858
Robert,Kostroski,170 Coit DR,,Wild Rose,GA,67482
Robert,Kutz,616 Coit DR,,Hampton Falls,LA,85045
Robert,Lao,344 Coit DR,,Santa Fe Springs,TN,99790
Robert,Lindstrom,886 Coit LN,,Amasa,TN,99720
Robert,Lowry,800 Coit LN,,Pope Valley,DC,63873
Robert,Machen,264 Coit LN,,Gibbon Glade,KY,26264
Robert,Magruder,165 Main DR,,Ohiopyle,CT,99546
Robert,Mani,404 Main DR,,Wheaton,KY,14207
Robert,Marr,417 Coit DR,,Port Heiden,VA,40472
Robert,Martin,840 Main DR,,Ravia,CA,92571
Robert,Martinez,313 Coit LN,,Wickes,LA,48021
Robert,Martins,567 Main LN,,Monessen,TN,38738
Robert,Maxon,365 Main LN,,Lake Crystal,CT,99588
Robert,Mazzei,805 Main DR,,Max Meadows,PA,51333
Robert,Mcdonell,520 Coit DR,,Dalbo,KY,38236
Robert,Mcelrath,761 Coit DR,,Moseley,CT,99546
Robert,Mead,114 Coit LN,,Westhampton,NC,25193
Robert,Miller,607 Main DR,,Rockaway,CO,04637
Robert,Monlux,447 Main LN,,Pana,SD,94590
Robert,Moore,969 Coit DR,,Gibsonia,PA,04978
Robert,Murray,730 Coit DR,,Arroyo Hondo,SC,57644
Robert,Nguyen,488 Main LN,,Lake Wilson,WY,89166
Robert,Oestreich,532 Main DR,,Wheaton,KY,14208
Robert,Orozco,120 Coit LN,,Summit Hill,DC,38838
Robert,Orr,879 Main DR,,Pearcy,NM,59410
Robert,Ortiz,934 Coit LN,,Scarbro,WY,90242
Robert,Parker,194 Coit DR,,Ryderwood,OR,18902
Robert,Pech,360 Coit LN,,Lisco,PA,04952
Robert,Perez,363 Coit LN,,Catoosa,WV,43768
Robert,Pingel,905 Coit LN,,Pocasset,KY,16826
Robert,Ponder,991 Main LN,,Shobonier,TN,14788
Robert,Rappaport,333 Coit DR,,Dos Rios,CT,51566
Robert,Reed,198 Coit DR,,Woodside,OR,55932
Robert,Ringer,683 Coit DR,,Winter Park,LA,99627
Robert,Robinson,654 Coit DR,,Kopperston,KS,53533
Robert,Rodriguez,744 Main LN,,Arrow Rock,WV,79755
Robert,Rogers,581 Main LN,,Scarbro,WY,28280
Robert,Sanchez,262 Main LN,,Flasher,KS,65586
Robert,Saxton,194 Main DR,,Cave Junction,MN,93454
Robert,Scroggins,557 Coit DR,,Cave Junction,MN,93453
Robert,Sessoms,263 Coit DR,,Wycombe,LA,99691
Robert,Singh,964 Coit LN,,Hotevilla,WI,80106
Robert,Smith,202 Coit DR,,Potter Valley,OR,43939
Robert,Smythe,700 Main DR,,Kilbourne,CT,99678
Robert,Sorensen,573 Coit LN,,Commerce Township,DC,48202
Robert,Spencer,187 Coit LN,,Wild Rose,GA,67482
Robert,Sprague,290 Main DR,,Lakeland,NC,37151
Robert,Stephens,454 Main LN,,East Freetown,GA,18438
Robert,Taylor,796 Main LN,,Pine Bluff,KS,28430
Robert,Tejada,574 Coit DR,,Urbana,DC,24171
Robert,Thomas,347 Main LN,,Gasquet,CA,43608
Robert,Towner,868 Main DR,,Houston,LA,73090
Robert,Walker,115 Main LN,,Deloit,CO,14039
Robert,Wheeler,774 Main LN,,Jamison,WI,33710
Robert,White,245 Main DR,,Plain,KS,04562
Robert,Williams,179 Coit DR,,Raynesford,TN,75783
Robert,Wilson,487 Main LN,,Spring Valley,KS,53527
Robert,Winn,407 Coit DR,,Dyke,NE,25434
Robert,Woods,808 Coit LN,,Milliken,OH,80221
Robert,Yi,392 Coit DR,,Glorieta,DC,02907
Robert,Young,818 Main LN,,Constantine,CO,51061
Robert,Zhao,537 Main DR,,Woodway,NE,25434
Robert,Zinzer,404 Coit DR,,High Rolls Mountain Park,WI,33711
Robert,Zoe,869 Coit LN,,Lake Wilson,WY,89169
Hester,Daub,604 Main LN,,Angie,MD,61871
Hester,Ohl,373 Coit DR,,Loves Park,MD,61872
Hester,Vasbinder,940 Coit DR,,Loves Park,MD,61872
Mike,Ash,165 Coit DR,,Vantage,ND,76856
Mike,Blanch,141 Main DR,,Stone,MD,46379
Mike,Finger,572 Main DR,,Canfield,MO,17068
Mike,Maher,4559 Misty Meadows DR,,Marietta,GA,30066
Mike,Mccown,238 Coit LN,,Canfield,MO,42025
Mike,Tidwell,996 Main LN,,Pease,ND,50246
Gail,Baker,911 Coit LN,,Ridge Spring,WV,89144
Gail,Crowley,463 Coit LN,,Still Pond,VI,64770
Gail,Heady,529 Coit LN,,Apollo,MI,34947
Gail,Pluta,160 Coit DR,,Mellette,DE,00682
Gail,Washburn,391 Coit DR,,Grays River,VA,29928
Franklin,Delong,409 Coit LN,,Cypress Inn,IA,10601
Franklin,Martin,669 Coit LN,,White Sulphur Springs,KY,87375
Franklin,Russo,454 Coit DR,,Kings Mountain,MP,66052
Franklin,Swofford,837 Coit DR,,White Sulphur Springs,KY,87375
Herman,Dick,148 Main DR,,La Pointe,AK,29704
Herman,Nania,159 Coit DR,,Manzanola,AK,05732
Linda,Adams,824 Main DR,,Swan Valley,OR,77468
Linda,Anaya,457 Coit LN,,McKenzie,NJ,23126
Linda,Beasley,405 Main DR,,New Albany,RI,37713
Linda,Benitz,514 Main LN,,McVeytown,IL,30233
Linda,Benson,209 Main DR,,Dacoma,SD,21773
Linda,Bradford,817 Main DR,,Forest Grove,NV,57022
Linda,Brown,157 Coit DR,,La Push,WV,55760
Linda,Bruce,251 Coit LN,,Grand Junction,NV,84647
Linda,Cardenas,460 Coit LN,,Fordsville,DC,61272
Linda,Carter,795 Coit DR,,Nocona,KS,16421
Linda,Castillo,509 Main DR,,Dunnville,CA,04037
Linda,Chapman,558 Main LN,,Mcleod,SD,06091
Linda,Cohen,581 Main LN,,Round Top,SD,45723
Linda,Crenshaw,643 Coit DR,,Unadilla,IL,78213
Linda,Cvar,157 Coit LN,,Raleigh,WY,67854
Linda,Fenton,377 Coit LN,,Port Alsworth,AK,39108
Linda,Flynn,137 Coit DR,,Camden On Gauley,WA,72762
Linda,Ford,536 Main LN,,Larimer,CA,28073
Linda,Freeman,876 Coit LN,,Mulberry Grove,CA,41044
Linda,Gansberg,464 Coit LN,,Ikes Fork,GA,79353
Linda,Garza,628 Coit LN,,Falconer,OK,06525
Linda,Gilardi,384 Coit LN,,Palos Park,ID,32058
Linda,Hairston,156 Coit LN,,Midfield,AK,76093
Linda,Hicks,393 Coit LN,,New Roads,OK,18504
Linda,Hill,421 Coit LN,,Atlantic City,WV,89107
Linda,Holguin,836 Coit LN,,Midfield,AK,76093
Linda,Howard,396 Coit LN,,Brent,OR,55902
Linda,James,791 Coit DR,,North Freedom,WV,65254
Linda,Jones,725 Coit LN,,La Push,WV,55760
Linda,Jordan,392 Main DR,,Golden Gate,SC,57568
Linda,Kato,516 Main DR,,Fossil,ID,19094
Linda,Kelly,816 Coit LN,,Occidental,OR,28344
Linda,Mcdonald,385 Main LN,,Ikes Fork,GA,79353
Linda,Melendez,454 Coit LN,,Tremont,FL,35584
Linda,Mendoza,782 Coit DR,,Raleigh,WY,67854
Linda,Moralis,327 Main LN,,East Concord,RI,84063
Linda,Moriarty,690 Main LN,,Deerton,AS,86011
Linda,Morris,398 Coit DR,,East Waterford,WY,79936
Linda,Myers,515 Coit LN,,Dunnville,CA,53074
Linda,Nerz,710 Main DR,,Packwood,WY,18842
Linda,Owens,240 Main DR,,Larimer,CA,28073
Linda,Patterson,611 Main LN,,Golden Gate,SC,57568
Linda,Peterson,955 Main DR,,Taylor Springs,OR,04478
Linda,Pope,205 Coit LN,,Esmont,WA,96710
Linda,Porter,959 Coit LN,,Center Ossipee,OH,08858
Linda,Powell,438 Coit LN,,Gerrardstown,WY,80802
Linda,Rodriguez,199 Coit DR,,La Push,WV,79730
Linda,Sanchez,946 Coit DR,,Halbur,OR,77456
Linda,Sanders,692 Coit DR,,Mount Union,OR,18915
Linda,Smith,477 Coit LN,,Fordsville,DC,61272
Linda,Sottolano,403 Main LN,,Kingston Mines,OR,04473
Linda,Szymanek,999 Main DR,,McKenzie,NJ,23125
Linda,Tavai,419 Coit LN,,Grand Coteau,NJ,72132
Linda,Tucker,239 Coit LN,,Mcdaniel,WV,67747
Linda,Turner,557 Coit DR,,Weems,KS,16420
Linda,Vaughn,363 Coit DR,,Cabery,SD,21774
Linda,Washington,975 Coit DR,,Rockland,GA,55382
Linda,Whittemore,324 Main DR,,Fossil,ID,19094
Linda,Wilkes,440 Main DR,,Clackamas,IL,42217
Linda,Williams,912 Main DR,,Mount Hood Parkdale,OR,43952
Linda,Wood,899 Main LN,,Huntingburg,WY,06878
Valarie,Sudduth,869 Main DR,,Coal Hill,TX,58005
Norris,Harris,122 Main LN,,Rock Valley,GA,80457
Nellie,Billeci,820 Coit DR,,Walworth,MS,66552
Nellie,Borgia,910 Main LN,,Gramercy,PR,12786
Nellie,Brandt,770 Main DR,,McKinney,UT,56434
Nellie,Dunkin,389 Coit DR,,Niagara Falls,PA,75411
Nellie,Endicott,742 Coit LN,,Green Road,PR,12787
Nellie,Gagnon,284 Main LN,,Canandaigua,MS,78541
Nellie,Patino,756 Coit DR,,Canandaigua,MS,78542
Nellie,Stuart,349 Coit LN,,McKinney,UT,32423
Tamela,Risen,231 Main DR,,Picayune,ID,44086
Tamela,Stapel,754 Main LN,,Picayune,ID,81077
Lila,Goguen,743 Main LN,,Elsmere,HI,75965
Lila,Moorhouse,880 Coit DR,,Elsmere,HI,48331
Lila,Purdom,954 Main DR,,Elsmere,HI,48331
Arlene,Belinski,131 Main DR,,Deer River,MS,54521
Arlene,Brents,282 Coit DR,,Seale,PR,36768
Arlene,Lee,686 Coit LN,,Fort Pierce,PA,02459
Arlene,Province,529 Main DR,,Naper,PA,02453
Arlene,Vanvleet,223 Main DR,,Fort Pierce,PA,02459
Arlene,Wilson,375 Coit LN,,Fort Pierce,PA,26448
Jerry,Blankenship,494 Main LN,,Sandia Park,NV,70094
Jerry,Conway,259 Coit DR,,Poncha Springs,NV,94066
Jerry,Cunningham,904 Coit DR,,Tishomingo,WA,59762
Jerry,Drinkwater,489 Main LN,,Seminary,MA,48895
Jerry,Farmer,636 Main DR,,Sunspot,RI,13605
Jerry,Hacker,229 Main DR,,Doland,NC,62273
Jerry,Hunt,677 Main LN,,Stewardson,SD,31062
Jerry,Islam,471 Coit LN,,Cochiti Pueblo,MT,40010
Jerry,Keiser,275 Main DR,,Presque Isle,MN,66002
Jerry,Knox,586 Main LN,,Viola,NM,33019
Jerry,Lane,517 Coit DR,,Epping,WA,59761
Jerry,Leonard,615 Coit LN,,Smiths Station,NY,47954
Jerry,Marin,416 Main LN,,Sandia Park,NV,94065
Jerry,Marr,180 Coit LN,,Rexford,MT,88044
Jerry,Nalepa,875 Coit LN,,Bretton Woods,MA,73753
Jerry,Odonnell,250 Main DR,,Scotts Hill,NV,33039
Jerry,Powers,594 Coit DR,,Smiths Station,NY,47954
Jerry,Pruitt,493 Main LN,,Poncha Springs,NV,94066
Jerry,Shelton,134 Main DR,,Bumpus Mills,NY,47951
Jerry,Simpson,318 Coit DR,,Alto,AR,40456
Jerry,Tigner,248 Coit DR,,Thackerville,MA,48896
Jerry,Vargas,124 Coit LN,,Lindsey,SD,43046
Jerry,Winters,224 Coit DR,,West Salem,NM,33019
Lindsay,Lerma,914 Main LN,,Pell City,MN,32530
Melonie,Mastin,770 Coit LN,,Kinderhook,MP,54130
Lora,Nelson,129 Coit LN,,Green Springs,CO,16699
Lora,Pennisi,268 Main DR,,Vendor,MA,10308
Lora,Tsao,729 Coit DR,,Talent,MA,36919
Sandy,Bye,605 Main DR,,Elida,TX,61816
Sandy,Kim,933 Coit DR,,Chidester,CA,41121
Sandy,Noll,838 Coit LN,,Holly Ridge,MN,68504
Sandy,Ridgley,176 Main DR,,Locke,KY,38220
Sandy,Westmoreland,421 Main LN,,Otley,MN,56517
Autumn,Lorick,679 Coit DR,,Stony Point,PR,48742
Autumn,Lufkin,304 Main DR,,Stony Point,PR,48742
Damian,Mason,695 Main DR,,Rensselaerville,OH,31326
Damian,Pastian,736 Main LN,,Rensselaerville,OH,31326
Amelia,Bjork,341 Coit DR,,Manns Choice,TX,48842
Amelia,Stecher,596 Coit LN,,Mount Storm,TX,24879
Reina,Colasanti,350 Main DR,,Procious,ME,46759
Reina,Saucier,415 Main DR,,Procious,ME,46759
Silas,Alvarado,741 Main LN,,Lusby,OK,06515
Beatrice,Behling,240 Main DR,,Lewiston,MI,95953
Beatrice,Cassel,913 Coit LN,,Wilburton,IN,29451
Beatrice,Hare,968 Coit DR,,Macatawa,VA,54962
Beatrice,Lauria,882 Main DR,,Harbinger,CT,51579
Beatrice,Miller,507 Coit DR,,Tioga Center,CT,87501
Beatrice,Perr,486 Coit DR,,Mineral Ridge,VA,54963
Beatrice,Ring,667 Main LN,,Torreon,VA,17938
Beatrice,Trimble,170 Main LN,,Torreon,VA,54962
Sidney,Garcia,848 Main LN,,Lynbrook,GU,65760
Sidney,Niblock,438 Coit DR,,Sonora,ME,58716
Sidney,Packard,769 Coit DR,,Grimsley,ME,58718
Sidney,Sullo,481 Main DR,,Grimsley,ME,58718
Kiersten,Blanchard,675 Main LN,,Grouse Creek,RI,25565
Johnny,Latsko,565 Coit DR,,Coffee Springs,MT,30669
Johnny,Mabe,118 Main LN,,Camp Pendleton,MT,30660
Johnny,Marmolejo,227 Main DR,,Weaverville,MO,29063
Johnny,Melgoza,174 Coit DR,,Lupton City,MO,05091
Johnny,Sallee,617 Main DR,,Coffee Springs,MT,03031
Johnny,Slusher,294 Coit LN,,Fort Garland,LA,48048
Johnny,Solina,829 Coit LN,,Fort Thomas,RI,37732
Johnny,Them,940 Coit LN,,Ophelia,RI,84044
Johnny,Tolbert,340 Main LN,,Enon Valley,ND,50239
Johnny,Wascher,476 Main LN,,Red Bay,MD,83352
Johnny,Wilmoth,568 Coit DR,,Lorton,MO,42035
Lynne,Gouge,553 Main DR,,Wedron,TX,10153
Lynne,Hernandez,233 Main DR,,Takoma Park,CO,90650
Lynne,Kaczorowski,206 Coit LN,,Drifting,TX,48760
Alysia,Newberry,217 Main LN,,Michael,IL,20882
Sharon,Barrett,163 Main DR,,Batesland,NV,57059
Sharon,Bui,141 Main LN,,Rake,AZ,96085
Sharon,Carlson,329 Coit DR,,Cibecue,SD,45661
Sharon,Carter,507 Main LN,,Nara Visa,SC,57474
Sharon,Castilloperez,804 Coit LN,,Ossian,VT,62965
Sharon,Chang,576 Coit LN,,Upperville,SD,67118
Sharon,Davidson,195 Coit LN,,Hinesburg,WA,96766
Sharon,Eberly,786 Main DR,,Oblong,ID,83656
Sharon,Flynn,599 Coit DR,,Acton,ND,98335
Sharon,Forgas,982 Coit LN,,Matador,AZ,96086
Sharon,Gann,956 Main DR,,Cambridge City,AK,17776
Sharon,Hostetler,551 Main DR,,Whites Creek,IL,44843
Sharon,Keller,357 Main LN,,Batesland,NV,57059
Sharon,King,292 Main LN,,Boerne,OH,92201
Sharon,Morrison,347 Coit LN,,Cibecue,SD,45662
Sharon,Mueller,456 Main LN,,Connerville,ND,98336
Sharon,Newman,266 Coit DR,,Port Lions,WA,94107
Sharon,Reese,207 Main LN,,Hanston,NY,82225
Sharon,Roark,361 Main DR,,Whites Creek,IL,44843
Sharon,Robbins,597 Coit LN,,Penhook,AS,39629
Sharon,Robinson,940 Main DR,,Turner,OH,18229
Sharon,Weaver,345 Coit DR,,Reeves,VT,59311
Sharon,West,439 Main LN,,Lacarne,FL,72536
Sharon,Williams,666 Main LN,,Driver,DC,48225
Shana,Freese,614 Coit LN,,Peachtree City,DE,24572
Rufus,Cabrera,898 Main LN,,San Luis Obispo,WI,82649
Rufus,Robles,676 Coit LN,,Jermyn,WI,21713
Mayra,Halfacre,880 Coit LN,,Gilbertville,DE,97543
Mayra,Hossain,418 Coit LN,,Isabella,DE,24588
Mayra,Mermelstein,768 Main LN,,Gilbertville,PR,24589
Ernesto,Norell,774 Coit LN,,Hermansville,ME,46748
Ernesto,Runyan,768 Coit LN,,Deport,ME,20118
Elda,Figueroa,602 Coit DR,,Gatesville,IA,10573
Jayme,Chaparro,151 Main LN,,Cataumet,ME,56090
Rafaela,Brittain,152 Coit LN,,Hopewell,ME,22712
Gracie,Peugh,819 Coit LN,,Rosalie,PR,24556
Carolina,Navin,719 Coit DR,,Ripley,DE,10018
Carolina,Tomas,750 Coit LN,,Dillon Beach,DE,10011
Esta,Lehmann,792 Main DR,,Bourbon,MT,54636
Myrtle,Pompey,154 Main LN,,Carrier,KY,26298
Jay,Alexander,467 Coit LN,,Huson,IA,46556
Jay,Brisson,692 Main DR,,Dawsonville,PA,26456
Jay,Gamache,243 Main LN,,West Pawlet,MP,78101
Jay,Herrera,384 Main LN,,Oolitic,IA,46555
Jay,Heyrman,413 Main DR,,Spencer,AK,54762
Jay,Lauderdale,153 Coit LN,,Uehling,MP,32784
Jay,Lubell,948 Main LN,,West Pawlet,MP,29123
Jay,Palmore,153 Main LN,,Port Kent,PA,14479
Jay,Rennie,471 Coit DR,,Brickeys,MP,30122
Raquel,Bryer,166 Coit DR,,Compton,HI,85362
Sari,Chang,468 Main LN,,Cygnet,AR,03465
Kaci,Littlejohn,544 Coit LN,,Guston,MT,40036
Bryce,Romero,131 Main LN,,Amonate,OH,18355
Dawne,Jensen,120 Main DR,,De Soto,VI,25118
Dale,Abad,106 Coit LN,,Stockton,MT,30629
Dale,Brauer,442 Main LN,,Aristes,MO,30046
Dale,Laughlin,347 Coit DR,,Castella,AR,49087
Dale,Marker,471 Main LN,,Whiterocks,MT,29659
Dale,Marsh,470 Main LN,,Bingham Lake,RI,37724
Dale,Potratz,187 Coit DR,,Kimball,PR,85653
Dale,Ruffin,142 Coit LN,,Castella,AR,49087
Dale,Sartin,541 Main DR,,Clitherall,PR,46045
Esther,Donnelly,743 Coit LN,,Mechanicville,VA,52334
Esther,Ferrera,677 Main LN,,Petroleum,MI,32311
Esther,Fludd,155 Main DR,,Ambia,DE,48412
Esther,Hutchison,226 Main DR,,Rillton,NE,37419
Esther,Ng,992 Coit LN,,Camanche,VA,52337
Esther,Zivkovic,276 Main DR,,Petroleum,MI,32311
Gabriel,Bello,309 Main LN,,Farber,IA,07078
Gabriel,Chow,691 Coit LN,,Julian,IA,32040
Gabriel,Peros,986 Main DR,,Brackettville,MP,20745
Vincenzo,Diaz,840 Coit LN,,Loami,KS,04570
Vincenzo,Parker,620 Main LN,,Loami,KS,04570
Dena,Cremer,413 Coit DR,,Coolin,DE,12481
Dena,Kovacs,874 Main DR,,Sewanee,DE,12482
Dena,Mayhew,498 Coit LN,,Coolin,DE,97426
Dena,Philp,843 Main DR,,Coolin,DE,12481
Kimi,Richter,343 Coit DR,,Friendsville,NH,49769
Jarrod,Robinson,324 Main DR,,Lizella,GA,94970
Regina,Acuna,902 Main LN,,Edmeston,VA,66946
Regina,Anderson,271 Main LN,,State Park,CT,87508
Regina,Bernabe,315 Main LN,,Tekonsha,IN,30441
Regina,Burg,787 Coit DR,,Juntura,IN,30442
Regina,Gadd,223 Main LN,,Woolwich,CT,51570
Regina,Goodhart,501 Coit LN,,Round Lake,DE,10006
Regina,Jones,625 Main DR,,South Lancaster,CT,87506
Regina,Kobrin,190 Coit LN,,Pray,MI,22932
Regina,Nevarez,934 Main LN,,Edmeston,VA,66943
Regina,Purvis,179 Main LN,,Sarver,VA,66946
Regina,Suh,258 Coit DR,,Coushatta,DE,10005
Regina,Wyley,482 Coit DR,,Tekonsha,IN,30441
Troy,Benson,332 Coit LN,,El Sobrante,AK,88130
Troy,Esser,891 Coit LN,,Spring Hill,MO,54112
Troy,Fenters,727 Coit LN,,El Sobrante,AK,40152
Troy,Helm,472 Main LN,,Kotzebue,AS,86004
Troy,Mann,125 Coit LN,,Braceville,AK,40150
Troy,Mchenry,564 Main DR,,Kotzebue,AS,50056
Troy,Stedman,412 Coit DR,,Momence,CT,38702
Troy,Swick,439 Coit LN,,Momence,CT,14735
Troy,Thornton,405 Coit DR,,Braceville,AK,39166
Barry,Akhtar,182 Coit LN,,Grimesland,MO,29147
Barry,Barbee,820 Main LN,,Mckinney,AS,74026
Barry,Dejohn,254 Coit DR,,Mcmechen,MD,83320
Barry,Garner,301 Coit LN,,Basehor,AK,88134
Barry,Hyman,861 Coit DR,,Boody,AS,62048
Barry,Kretschmar,848 Main LN,,Grimesland,MO,29147
Barry,Mangrum,211 Main LN,,Fairview Heights,MO,29148
Barry,Moyano,670 Main LN,,Mcmechen,MD,83320
Barry,Rosales,482 Coit DR,,Leeper,AK,88136
Barry,Schmid,912 Coit LN,,Sparks Glencoe,AS,74023
Iris,Aichele,615 Main LN,,Tobyhanna,TX,24898
Iris,Ashworth,540 Main LN,,Beulah,MN,32579
Iris,Schettler,796 Coit DR,,Tobyhanna,TX,24898
Casie,Rodriguez,267 Coit DR,,Woodbury Heights,AL,40216
Valene,Bass,667 Coit DR,,Morley,NJ,72168
Raleigh,Kim,221 Coit LN,,Shawnee On Delaware,OR,65334
Juanita,Dubois,352 Main LN,,Robinson,NE,62462
Juanita,Feldman,299 Coit LN,,Robinson,NE,62462
Juanita,Kakkar,746 Main DR,,Avon Lake,VA,91913
Juanita,Libke,114 Main DR,,East Jordan,VI,39736
Juanita,Patrick,580 Main LN,,Monon,VI,52757
Juanita,Prado,360 Main DR,,Reidville,NE,62461
Shelia,Foret,951 Coit LN,,Bowbells,TX,34135
Shelia,Hoefs,936 Main DR,,Aguas Buenas,TX,34134
Shelia,Marinucci,209 Main DR,,Bowbells,TX,34137
Shelia,Mitchell,638 Main DR,,Velarde,CO,63048
Shelia,Walker,786 Main LN,,Blue Creek,CO,63044
Adell,Dancer,573 Coit DR,,South Beach,UT,10969
Jan,Oum,336 Coit DR,,Palmerton,TX,48822
Jan,Roesch,359 Main LN,,Palmerton,TX,48821
Jan,Symington,697 Coit LN,,Palmerton,TX,48822
Jan,Taylor,245 Coit LN,,La Puente,KS,87063
Jan,White,257 Coit DR,,Marina Del Rey,KS,38052
Rachael,Castaldi,577 Main DR,,Armada,MA,73761
Rachael,Mcmurtry,269 Coit DR,,Hobbs,MA,97730
Rachael,Williams,511 Main DR,,Bonnyman,CO,26039
Hilda,Orduna,960 Coit LN,,Kenna,KY,51245
Hilda,Romanski,195 Main LN,,Stantonville,PR,58049
Bradley,Brzozowski,431 Coit LN,,Broadford,MD,58357
Bradley,Edinburgh,795 Coit LN,,Gold Bar,ND,49251
Bradley,James,635 Main DR,,Bicknell,AK,91768
Bradley,Meine,158 Main LN,,Tecopa,MO,07621
Bradley,Mendoza,443 Main DR,,Bicknell,AK,88125
Bradley,Perri,631 Coit DR,,Castleford,MO,07624
Bradley,Thurston,177 Main DR,,Gold Bar,ND,49251
Bradley,Watt,779 Main LN,,Gold Bar,ND,49251
Bradley,Weese,868 Coit DR,,Power,MO,19601
Julieta,Guess,446 Coit LN,,Searsport,IN,29349
Clarence,Crabtree,526 Coit LN,,Deltona,ND,03871
Clarence,Gensheimer,105 Main DR,,Naubinway,MT,15020
Clarence,Marron,496 Main LN,,Shakopee,LA,48060
Clarence,Savell,860 Main DR,,Waterville,MD,10469
Evan,Rork,416 Coit LN,,Vado,ME,46788
Evan,Thomas,130 Coit LN,,German Valley,GU,28719
Evan,Wilson,764 Main LN,,German Valley,GU,53719
Miguel,Ciufo,560 Main LN,,Olsburg,MP,20794
Miguel,Hubert,359 Coit LN,,Fleetville,AS,86022
Miguel,Huerta,742 Coit LN,,Luthersville,AK,66740
Miguel,Johns,517 Coit LN,,Luthersville,AK,66743
Miguel,Moral,703 Main LN,,Adirondack,MD,58533
Miguel,Reyes,655 Main LN,,Adirondack,MD,58533
Miguel,Salava,106 Main LN,,Hazel Park,AS,86021
Miguel,Skipper,172 Coit DR,,Hazel Park,AS,86021
Miguel,Vance,565 Coit LN,,Luthersville,AK,66740
Johanna,Ellman,934 Coit LN,,Laramie,HI,24343
Donnell,Mendoza,273 Main LN,,Staatsburg,OK,67566
Inez,Etzler,726 Main DR,,Bigler,TX,48851
Inez,Guenther,655 Coit DR,,Doniphan,MN,19506
Inez,Huey,498 Coit DR,,Doniphan,MN,19505
Inez,Trude,203 Coit DR,,Doniphan,MN,19506
Inez,Waggy,381 Coit LN,,Coalinga,MN,19503
Lissa,Frierson,656 Coit LN,,Grand Ledge,IN,17302
Olga,Dimatteo,593 Coit DR,,Seaside Park,KY,99218
Olga,Greco,153 Coit DR,,Garita,UT,93309
Olga,Melin,171 Main LN,,Middlebury,KY,75248
Olga,Mohr,602 Coit DR,,Perkiomenville,UT,93309
Olga,Pascarella,393 Coit LN,,Kelley,KY,16901
Gayle,Nguyen,435 Coit LN,,Harriman,OR,04429
Gayle,Shuford,825 Main LN,,Buhler,TX,46105
Cecilia,Dunaway,685 Main LN,,Talala,MN,19535
Cecilia,Kriner,579 Coit LN,,Brinson,KY,26280
Faye,Dorman,159 Coit LN,,Farnsworth,MN,19551
Faye,Larue,894 Coit DR,,Farnsworth,MN,20540
Faye,Sang,423 Main LN,,Turtle Creek,KY,90807
Karma,Romano,608 Main LN,,Claunch,AS,50022
Tijuana,Lake,453 Coit DR,,Platte Center,NM,11561
Audrey,Bocchino,371 Main DR,,Cape Vincent,DE,24607
Audrey,Ellinger,760 Main DR,,Branscomb,MI,95947
Audrey,Hernandez,764 Main LN,,North Creek,CT,63565
Audrey,Rowley,936 Coit LN,,Tonalea,VA,66952
Audrey,Spillman,141 Coit LN,,Zanesville,IN,54416
Dixie,Remigio,818 Coit DR,,Hayes Center,HI,36320
Loyd,Stone,223 Coit DR,,Collbran,GA,67484
Pete,Wong,375 Coit LN,,Pilot Point,WI,80104
Myra,Abbruzzese,398 Main DR,,Kansas City,TX,61727
Myra,Gautreaux,874 Main DR,,Cambridgeport,TX,61736
Myra,Guilford,342 Coit DR,,Kansas City,TX,61728
Myra,Rodriguez,653 Coit LN,,Owingsville,CO,16639
Virgie,Gamache,904 Main DR,,Lake City,PR,71043
Helene,Custer,930 Main DR,,Smithwick,DE,73441
Tami,Shryock,589 Main LN,,Sargents,HI,36313
Leroy,Byrnes,282 Coit LN,,Caseyville,AS,62052
Leroy,Domingo,844 Main DR,,Coraopolis,AS,98008
Leroy,Olsen,876 Coit LN,,Holtsville,AK,42782
Leroy,Trevino,581 Main DR,,Pasco,AK,42782
Levi,Aguilar,997 Coit DR,,Vista,WI,79036
Levi,Marshall,469 Main DR,,Cerrillos,WI,55069
Tasha,Hyppolite,466 Main LN,,Flintville,HI,36360
Tasha,Tourville,893 Main DR,,Lincroft,HI,61320
Corey,Arreola,945 Coit DR,,Center Harbor,AK,05739
Corey,Cerrato,240 Main DR,,Cherokee Village,MI,56311
Corey,Cornell,947 Main DR,,Center Harbor,AK,05739
Corey,Galloway,213 Coit DR,,Pepperell,IA,58456
Corey,Munive,147 Main DR,,Streator,MI,56311
Corey,Siegel,477 Coit LN,,Center Harbor,AK,05736
Corey,Warder,409 Coit DR,,Pepperell,IA,58456
Sarah,Baldwin,167 Main LN,,Gilberton,NV,59801
Sarah,Beam,331 Main LN,,Yoder,IL,78264
Sarah,Beck,562 Coit DR,,Truxton,SD,31024
Sarah,Bowling,685 Coit LN,,Mount Freedom,AZ,01745
Sarah,Bragg,973 Main LN,,Ashfield,DC,48229
Sarah,Burris,584 Coit DR,,Mount Freedom,AZ,01745
Sarah,Carroll,472 Main DR,,Hampton Bays,FL,60553
Sarah,Cohen,379 Main LN,,Corfu,SD,31020
Sarah,Dukes,267 Coit DR,,Venus,DC,75849
Sarah,Fields,897 Coit LN,,Hanna City,VT,74957
Sarah,Imbriani,552 Coit LN,,Cherryfield,AS,01031
Sarah,Irizarry,936 Main DR,,Belpre,IL,20878
Sarah,Jefferson,429 Coit LN,,Remington,ND,98358
Sarah,Marshall,204 Coit DR,,Claryville,SC,70450
Sarah,Mcpherron,981 Coit LN,,Cherryfield,AS,01032
Sarah,Nicholson,414 Main DR,,Tres Piedras,NJ,49722
Sarah,Pike,251 Main DR,,Southborough,AZ,96075
Sarah,Rangel,331 Coit LN,,Young Harris,NJ,49722
Sarah,Sharp,199 Main DR,,Sebring,NV,08205
Sarah,Silver,390 Coit DR,,Yoncalla,DC,48228
Sarah,Sims,877 Coit LN,,Alburnett,VT,59314
Sarah,Steinbock,572 Main DR,,Yoder,IL,20877
Sarah,Tucker,612 Coit LN,,Bloomfield Hills,SC,08501
Sarah,Turner,777 Coit LN,,Mackinaw City,WI,57799
Bonnie,Albert,467 Main DR,,Middle Point,NJ,49885
Bonnie,Castro,619 Coit LN,,Hooks,NE,49336
Bonnie,Grim,675 Coit DR,,Scribner,AL,66845
Bonnie,Guthrie,301 Main LN,,Crawford,NJ,35243
Bonnie,Heilman,847 Coit LN,,Searsport,IN,17364
Bonnie,Justice,110 Main LN,,Middle Point,NJ,47224
Bonnie,Leamons,685 Coit DR,,Nelliston,AL,05820
Bonnie,Snider,224 Coit LN,,Crawford,NJ,59276
Bonnie,Swearingen,530 Coit LN,,Searsport,IN,29349
Bonnie,Tovar,845 Coit DR,,Middle Point,NJ,98856
Alana,Corro,861 Coit LN,,Fairchild Air Force Base,TX,22193
Alana,Dipasquale,108 Coit LN,,Fairchild Air Force Base,TX,22193
Anabel,Gable,633 Main DR,,Florham Park,MN,19511
